--
-- PostgreSQL database dump
--

-- Dumped from database version 10.5
-- Dumped by pg_dump version 10.5

SET statement_timeout = 0;
SET lock_timeout = 0;
SET idle_in_transaction_session_timeout = 0;
SET client_encoding = 'UTF8';
SET standard_conforming_strings = on;
SELECT pg_catalog.set_config('search_path', '', false);
SET check_function_bodies = false;
SET client_min_messages = warning;
SET row_security = off;

--
-- Name: environment; Type: SCHEMA; Schema: -; Owner: networks
--

CREATE SCHEMA environment;


ALTER SCHEMA environment OWNER TO networks;

--
-- Name: plpgsql; Type: EXTENSION; Schema: -; Owner: 
--

CREATE EXTENSION IF NOT EXISTS plpgsql WITH SCHEMA pg_catalog;


--
-- Name: EXTENSION plpgsql; Type: COMMENT; Schema: -; Owner: 
--

COMMENT ON EXTENSION plpgsql IS 'PL/pgSQL procedural language';


SET default_tablespace = '';

SET default_with_oids = false;

--
-- Name: Users; Type: TABLE; Schema: environment; Owner: networks
--

CREATE TABLE environment."Users" (
    id integer NOT NULL,
    username character varying(50) NOT NULL
);


ALTER TABLE environment."Users" OWNER TO networks;

--
-- Name: Users_id_seq; Type: SEQUENCE; Schema: environment; Owner: networks
--

CREATE SEQUENCE environment."Users_id_seq"
    AS integer
    START WITH 1
    INCREMENT BY 1
    NO MINVALUE
    NO MAXVALUE
    CACHE 1;


ALTER TABLE environment."Users_id_seq" OWNER TO networks;

--
-- Name: Users_id_seq; Type: SEQUENCE OWNED BY; Schema: environment; Owner: networks
--

ALTER SEQUENCE environment."Users_id_seq" OWNED BY environment."Users".id;


--
-- Name: cars; Type: TABLE; Schema: public; Owner: networks
--

CREATE TABLE public.cars (
    id integer NOT NULL,
    name character varying(20),
    price integer
);


ALTER TABLE public.cars OWNER TO networks;

--
-- Name: exemplo_id_seq; Type: SEQUENCE; Schema: public; Owner: networks
--

CREATE SEQUENCE public.exemplo_id_seq
    START WITH 1000
    INCREMENT BY 1
    MINVALUE 1000
    NO MAXVALUE
    CACHE 1;


ALTER TABLE public.exemplo_id_seq OWNER TO networks;

--
-- Name: exemplo_id_seq2; Type: SEQUENCE; Schema: public; Owner: networks
--

CREATE SEQUENCE public.exemplo_id_seq2
    START WITH 1001
    INCREMENT BY 1
    MINVALUE 1001
    NO MAXVALUE
    CACHE 1;


ALTER TABLE public.exemplo_id_seq2 OWNER TO networks;

--
-- Name: experiences_auto_increment; Type: SEQUENCE; Schema: public; Owner: networks
--

CREATE SEQUENCE public.experiences_auto_increment
    START WITH 1001
    INCREMENT BY 1
    MINVALUE 1001
    NO MAXVALUE
    CACHE 1;


ALTER TABLE public.experiences_auto_increment OWNER TO networks;

--
-- Name: experiences; Type: TABLE; Schema: public; Owner: networks
--

CREATE TABLE public.experiences (
    id integer DEFAULT nextval('public.experiences_auto_increment'::regclass),
    user_id integer,
    name character varying(50),
    "time" integer,
    company character varying(50)
);


ALTER TABLE public.experiences OWNER TO networks;

--
-- Name: habilities_auto_increment; Type: SEQUENCE; Schema: public; Owner: networks
--

CREATE SEQUENCE public.habilities_auto_increment
    START WITH 401
    INCREMENT BY 1
    MINVALUE 401
    NO MAXVALUE
    CACHE 1;


ALTER TABLE public.habilities_auto_increment OWNER TO networks;

--
-- Name: habilities; Type: TABLE; Schema: public; Owner: networks
--

CREATE TABLE public.habilities (
    id integer DEFAULT nextval('public.habilities_auto_increment'::regclass) NOT NULL,
    name character varying(50)
);


ALTER TABLE public.habilities OWNER TO networks;

--
-- Name: users; Type: TABLE; Schema: public; Owner: networks
--

CREATE TABLE public.users (
    id integer NOT NULL,
    nome character varying(50),
    sobrenome character varying(50),
    email character varying(50),
    foto text,
    residencia character varying(50),
    formacao character varying(50)
);


ALTER TABLE public.users OWNER TO networks;

--
-- Name: users_habilities; Type: TABLE; Schema: public; Owner: networks
--

CREATE TABLE public.users_habilities (
    id integer DEFAULT nextval('public.exemplo_id_seq2'::regclass) NOT NULL,
    user_id integer,
    hability_id integer
);


ALTER TABLE public.users_habilities OWNER TO networks;

--
-- Name: Users id; Type: DEFAULT; Schema: environment; Owner: networks
--

ALTER TABLE ONLY environment."Users" ALTER COLUMN id SET DEFAULT nextval('environment."Users_id_seq"'::regclass);


--
-- Data for Name: Users; Type: TABLE DATA; Schema: environment; Owner: networks
--

COPY environment."Users" (id, username) FROM stdin;
\.


--
-- Data for Name: cars; Type: TABLE DATA; Schema: public; Owner: networks
--

COPY public.cars (id, name, price) FROM stdin;
1	Audi	52642
2	Mercedes	57127
3	Skoda	9000
4	Volvo	29000
5	Bentley	350000
6	Citroen	21000
7	Hummer	41400
8	Volkswagen	21600
\.


--
-- Data for Name: experiences; Type: TABLE DATA; Schema: public; Owner: networks
--

COPY public.experiences (id, user_id, name, "time", company) FROM stdin;
1	55	Office Assistant IV	7	Rhyloo
2	418	Geologist IV	7	Demizz
3	186	Operator	2	Zooxo
4	337	Paralegal	6	Leexo
5	485	Software Test Engineer III	2	Buzzshare
6	100	Senior Sales Associate	3	Dabjam
7	74	Internal Auditor	7	Geba
8	364	Food Chemist	4	Flipstorm
9	276	Research Nurse	7	Linkbridge
10	18	Research Associate	5	Thoughtworks
11	295	Desktop Support Technician	8	Skaboo
12	282	Media Manager IV	4	Linkbuzz
13	292	Account Executive	7	Zoomdog
14	499	Software Test Engineer II	5	Zooxo
15	48	Quality Control Specialist	5	Voolith
16	408	Recruiting Manager	10	Quimm
17	218	Geologist IV	2	Photobean
18	207	Accounting Assistant III	8	Thoughtstorm
19	470	Nurse	1	Rooxo
20	261	Information Systems Manager	5	Gigashots
21	470	Librarian	8	Skinte
22	97	Software Test Engineer III	7	Quimm
23	233	Staff Scientist	4	Yombu
24	35	Cost Accountant	5	Jaxworks
25	31	Systems Administrator II	8	Einti
26	208	Internal Auditor	1	Pixoboo
27	477	Legal Assistant	7	Jabberbean
28	278	Help Desk Technician	2	Gabcube
29	254	Electrical Engineer	5	Buzzdog
30	206	Information Systems Manager	3	Mybuzz
31	443	Financial Analyst	5	Skippad
32	190	Analog Circuit Design manager	10	Oyonder
33	118	Desktop Support Technician	3	Zoonder
34	199	Biostatistician III	3	Yacero
35	487	General Manager	7	Jaloo
36	151	Environmental Specialist	7	Agimba
37	72	Web Designer IV	10	Shuffletag
38	420	Database Administrator II	3	Quatz
39	319	Speech Pathologist	10	Zoomcast
40	413	Desktop Support Technician	5	Dynava
41	317	Pharmacist	9	Yakijo
42	163	Senior Sales Associate	8	Skalith
43	368	Human Resources Assistant IV	6	Twitterworks
44	237	Registered Nurse	1	Tavu
45	10	Media Manager IV	5	Eayo
46	108	Account Coordinator	2	Innotype
47	169	Research Nurse	9	DabZ
48	327	Payment Adjustment Coordinator	4	Skidoo
49	246	Project Manager	1	Eidel
50	28	GIS Technical Architect	5	Abatz
51	148	Sales Associate	7	Oyoyo
52	245	Junior Executive	8	Flipbug
53	489	Research Assistant I	3	Mydeo
54	251	Administrative Officer	2	Buzzshare
55	224	Speech Pathologist	5	Flashset
56	139	Recruiting Manager	4	Kazu
57	351	Media Manager II	9	Demizz
58	225	Paralegal	8	Zooxo
59	174	Marketing Assistant	3	Twimbo
60	352	Teacher	1	Twinder
61	89	Health Coach II	3	Twiyo
62	178	Research Associate	2	Gabvine
63	2	Systems Administrator I	5	Flipstorm
64	119	Nurse Practicioner	1	Zoomdog
65	24	Health Coach III	2	Realbridge
66	212	Sales Representative	1	Vidoo
67	57	Statistician IV	5	Brightdog
68	288	Office Assistant III	10	Vinder
69	404	Financial Analyst	10	Feedfish
70	411	Developer I	1	Quaxo
71	12	Internal Auditor	10	Fiveclub
72	124	Civil Engineer	1	Browseblab
73	68	Research Assistant I	10	Photolist
74	398	Financial Advisor	3	Flashpoint
75	223	Web Developer IV	2	Zoomlounge
76	132	Business Systems Development Analyst	2	Youfeed
77	185	Structural Analysis Engineer	5	Youopia
78	6	Account Executive	2	Gigazoom
79	252	Programmer II	10	Eidel
80	248	Compensation Analyst	7	Babbleopia
81	407	VP Accounting	4	JumpXS
82	306	Human Resources Manager	3	Mynte
83	280	Safety Technician II	1	Zazio
84	135	Research Nurse	10	Thoughtworks
85	385	Project Manager	6	Skiba
86	347	Paralegal	4	Kaymbo
87	85	Environmental Tech	3	Realcube
88	85	Operator	8	Livepath
89	286	Director of Sales	1	Pixonyx
90	446	Professor	5	Babbleopia
91	156	Web Developer II	9	Trudoo
92	154	Nuclear Power Engineer	2	Twimm
93	195	Assistant Media Planner	8	Jaxworks
94	51	Research Associate	4	Gabcube
95	211	Biostatistician III	8	Gigashots
96	343	Recruiter	4	Miboo
97	226	Data Coordiator	5	Ooba
98	52	Operator	2	Twitterbridge
99	298	Chief Design Engineer	6	Livetube
100	265	Occupational Therapist	4	Zoozzy
101	338	Environmental Tech	5	Zoozzy
102	244	Project Manager	4	Youbridge
103	481	Desktop Support Technician	3	Kwimbee
104	218	Senior Cost Accountant	8	Linkbridge
105	201	Food Chemist	1	Buzzdog
106	281	Operator	2	Quimm
107	32	Account Coordinator	9	Quaxo
108	105	Nuclear Power Engineer	9	Centizu
109	112	Associate Professor	1	LiveZ
110	183	Nurse Practicioner	1	Tambee
111	142	Teacher	5	Katz
112	192	Recruiting Manager	8	Innotype
113	465	Electrical Engineer	1	Fivebridge
453	263	Registered Nurse	8	Demivee
114	241	Human Resources Manager	1	Centimia
115	67	Programmer III	9	Skibox
116	402	Civil Engineer	4	Katz
117	48	Analyst Programmer	9	Meetz
118	198	Research Nurse	4	Tazz
119	257	Human Resources Assistant I	10	Skyvu
120	233	Social Worker	6	Meevee
121	213	Sales Associate	9	Skinder
122	339	Assistant Media Planner	2	Zazio
123	270	Senior Financial Analyst	1	Buzzshare
124	299	Actuary	10	Twitterworks
125	269	Sales Associate	8	Wordpedia
126	37	Financial Advisor	2	Tanoodle
127	158	Programmer Analyst III	4	Divape
128	361	Senior Sales Associate	8	Feedfish
129	244	Senior Cost Accountant	5	Jabberstorm
130	315	Sales Representative	3	Topiczoom
131	335	Senior Developer	10	Realfire
132	234	Librarian	6	Yakitri
133	190	Marketing Manager	3	Meemm
134	313	Teacher	2	Zoonder
135	186	Structural Engineer	3	Feedfire
136	171	Data Coordiator	6	Eidel
137	373	Web Developer IV	3	Meetz
138	354	Speech Pathologist	4	Browsetype
139	491	Dental Hygienist	5	Tagtune
140	151	Database Administrator IV	5	Kwilith
141	259	Database Administrator II	4	Yodoo
142	330	Director of Sales	3	Yotz
143	399	Human Resources Assistant I	3	Topicblab
144	39	Assistant Media Planner	2	Eadel
145	299	Engineer IV	3	Divape
146	423	Marketing Assistant	8	Gigazoom
147	257	VP Accounting	8	Jaxbean
148	263	Information Systems Manager	4	Skinix
149	249	GIS Technical Architect	3	Leexo
150	398	Physical Therapy Assistant	1	Oyoloo
151	408	Computer Systems Analyst II	7	Voolith
152	235	Account Coordinator	3	Ainyx
153	356	Developer II	3	Quire
154	496	Assistant Media Planner	5	Innojam
155	220	Financial Advisor	6	Topdrive
156	123	Accounting Assistant II	2	Brainsphere
157	248	Geologist III	3	Fiveclub
158	418	Media Manager IV	8	Babbleopia
159	322	General Manager	1	Gigabox
160	274	Electrical Engineer	5	Zazio
161	238	Technical Writer	6	Tagopia
162	457	Civil Engineer	5	Browseblab
163	160	VP Accounting	9	Yakidoo
164	360	Analog Circuit Design manager	3	Yoveo
165	54	Assistant Media Planner	3	Devshare
166	446	Professor	6	Quamba
167	217	Electrical Engineer	4	Kayveo
168	189	Account Representative IV	8	Devshare
169	167	Office Assistant I	6	Skinix
170	195	Sales Associate	1	Yakijo
171	9	Media Manager III	2	Plambee
172	465	Geological Engineer	7	Zoozzy
173	469	Professor	10	Jaloo
174	214	Financial Analyst	8	Gabspot
175	413	Civil Engineer	9	Skimia
176	16	Engineer I	6	Oyondu
177	130	VP Sales	2	Jabbercube
178	278	Community Outreach Specialist	3	Babblestorm
179	379	Geologist III	10	LiveZ
180	344	Assistant Manager	3	Vimbo
181	319	Chief Design Engineer	4	Zoomcast
182	397	Executive Secretary	3	Mydeo
183	397	Staff Scientist	1	Oodoo
184	56	Associate Professor	5	Demivee
185	28	Web Designer IV	4	Oozz
186	139	Senior Financial Analyst	7	Ooba
187	29	Engineer IV	9	Divavu
188	248	Project Manager	4	Jabberbean
189	367	Environmental Specialist	9	Voonyx
190	53	Engineer I	9	Brainbox
191	403	Occupational Therapist	7	Centizu
192	148	Senior Cost Accountant	9	Yodo
193	11	Senior Quality Engineer	9	Zoomdog
194	204	Executive Secretary	2	Topicblab
195	103	Sales Representative	1	Skyndu
196	17	Mechanical Systems Engineer	5	Browseblab
197	145	Automation Specialist III	9	Riffpath
198	92	Professor	3	Realblab
199	415	Senior Financial Analyst	10	Tavu
200	188	Assistant Manager	2	Aibox
201	339	Operator	10	Twimm
202	496	Safety Technician I	6	Ooba
203	181	GIS Technical Architect	8	Twitterworks
204	460	Clinical Specialist	8	Bluejam
205	46	Marketing Manager	2	Edgewire
206	142	Automation Specialist I	2	Skivee
207	376	Information Systems Manager	5	BlogXS
208	62	Account Executive	2	Shuffletag
209	11	Administrative Officer	7	Oozz
210	226	Office Assistant II	3	Riffwire
211	23	Civil Engineer	9	Cogilith
212	19	Research Associate	1	Skinix
213	133	Product Engineer	4	Edgeify
214	423	Systems Administrator IV	1	Centizu
215	149	Senior Financial Analyst	3	Wordify
216	356	Web Designer III	9	Feedmix
217	447	Statistician II	7	Dabshots
218	216	VP Accounting	9	Gevee
219	292	Office Assistant III	4	Yoveo
220	233	Compensation Analyst	4	Browsecat
221	234	Librarian	6	Mydeo
222	354	Food Chemist	10	Oyoloo
223	170	Accounting Assistant III	3	Dynabox
224	376	Systems Administrator I	9	Kimia
225	408	Research Associate	3	Riffpedia
226	122	Biostatistician III	9	Twinder
227	464	Administrative Officer	8	Edgewire
228	141	Research Assistant I	10	Skyba
229	453	Senior Cost Accountant	9	Centidel
230	45	Quality Engineer	2	Realfire
231	391	Automation Specialist I	10	Trudeo
232	498	Paralegal	8	Jayo
233	439	Account Coordinator	3	Yombu
234	151	Help Desk Technician	5	Edgeblab
235	395	Budget/Accounting Analyst I	10	Skinix
236	184	Senior Quality Engineer	4	Nlounge
237	198	Quality Control Specialist	9	Oodoo
238	158	Nurse	10	Npath
239	191	Chemical Engineer	9	Feedbug
240	25	Quality Control Specialist	7	Zoonder
241	124	Recruiting Manager	10	Tagcat
242	471	Operator	8	Muxo
243	48	Clinical Specialist	9	Skimia
244	17	Associate Professor	7	Browsecat
245	429	Software Consultant	4	Feedfish
246	282	Help Desk Operator	1	Agimba
247	43	Assistant Media Planner	7	Topdrive
248	340	Recruiter	1	Edgetag
249	364	Community Outreach Specialist	8	Tambee
250	53	Human Resources Assistant II	7	Yamia
251	275	Cost Accountant	4	Reallinks
252	168	Graphic Designer	10	Feedspan
253	364	Programmer Analyst IV	3	Chatterbridge
254	370	Associate Professor	3	Yabox
255	248	Director of Sales	4	Vinte
256	325	Geological Engineer	8	Shuffletag
257	426	Analyst Programmer	1	Jaxnation
258	117	VP Product Management	5	Quinu
259	363	Statistician II	5	Meevee
260	409	Web Designer III	1	Janyx
261	341	Cost Accountant	6	Livefish
262	234	Structural Analysis Engineer	6	Wikizz
263	285	Software Test Engineer II	2	Blogspan
264	209	Media Manager II	6	Yodel
265	116	Food Chemist	7	Skyba
266	144	Sales Representative	4	Gigaclub
267	192	VP Sales	4	Demimbu
268	499	Staff Accountant III	4	Skyvu
269	198	Software Test Engineer IV	9	Einti
270	466	Information Systems Manager	3	Jaxworks
271	276	Research Associate	5	Voolia
272	486	Desktop Support Technician	8	Skiba
273	461	Systems Administrator I	1	Riffpedia
274	133	Staff Scientist	8	Zava
275	194	Accounting Assistant IV	7	Demimbu
276	293	Sales Representative	9	Yamia
277	272	Geological Engineer	5	Yata
278	225	Physical Therapy Assistant	1	Lajo
279	204	Civil Engineer	2	Jamia
280	239	Structural Analysis Engineer	3	Linkbuzz
281	191	Sales Representative	8	Dabtype
282	155	Paralegal	1	Oyoloo
283	379	Operator	3	Rhynoodle
284	174	Business Systems Development Analyst	9	Jaxspan
285	124	Programmer Analyst I	10	Skiba
286	346	Actuary	2	Jabberbean
287	258	Data Coordiator	1	Midel
288	162	Editor	6	Aimbo
289	238	Staff Accountant I	4	Kaymbo
290	50	Payment Adjustment Coordinator	9	Thoughtstorm
291	443	Tax Accountant	9	Thoughtbeat
292	476	Financial Advisor	1	Yacero
293	15	Physical Therapy Assistant	9	Eazzy
294	189	VP Accounting	3	Edgeify
295	353	Biostatistician II	3	Fivebridge
296	379	Administrative Assistant II	5	Edgeblab
297	336	Paralegal	1	Teklist
298	114	Actuary	3	Twiyo
299	127	Editor	1	Kwideo
300	322	Electrical Engineer	8	Einti
301	150	Sales Representative	1	Jaxworks
302	94	Assistant Professor	8	Divanoodle
303	42	Systems Administrator I	5	Edgepulse
304	139	Analyst Programmer	3	Miboo
305	210	Senior Quality Engineer	9	Quaxo
306	425	Social Worker	2	Flipstorm
307	337	Automation Specialist III	3	Cogibox
308	66	Pharmacist	4	Meetz
309	66	VP Sales	4	Kwinu
310	297	Automation Specialist III	7	Divanoodle
311	417	Pharmacist	8	Realcube
312	143	Assistant Media Planner	1	Mudo
313	179	Dental Hygienist	9	Zooxo
314	57	Administrative Officer	4	Twimbo
315	118	Editor	6	Realcube
316	159	Assistant Professor	4	Tagfeed
317	287	Senior Cost Accountant	10	Janyx
318	478	Help Desk Operator	4	Yakijo
319	261	Social Worker	3	Rhyloo
320	434	Compensation Analyst	1	Skinix
321	62	Administrative Officer	1	Aimbu
322	472	Financial Analyst	2	Browseblab
323	35	Community Outreach Specialist	1	Mycat
324	161	Research Associate	3	Kwilith
325	424	Nurse Practicioner	6	Shufflester
326	91	Assistant Media Planner	7	Gabspot
327	10	Media Manager I	8	Zoomcast
328	161	Environmental Specialist	10	Zoonder
329	410	Food Chemist	10	BlogXS
330	213	Director of Sales	5	Wikido
331	241	VP Quality Control	7	Skynoodle
332	53	Civil Engineer	2	Realpoint
333	169	Programmer Analyst III	4	Feedfish
334	322	Office Assistant III	8	Eabox
335	370	Senior Editor	3	Quatz
336	276	Executive Secretary	2	Twitterwire
337	383	Nuclear Power Engineer	6	Thoughtstorm
338	37	Desktop Support Technician	2	Wikido
339	266	Payment Adjustment Coordinator	2	Avaveo
340	216	Accounting Assistant III	4	Meetz
341	351	Dental Hygienist	9	Yakijo
342	38	Mechanical Systems Engineer	10	Skibox
343	445	VP Sales	7	Kwimbee
344	446	Recruiter	5	Vidoo
345	228	Assistant Manager	8	Kare
346	418	Registered Nurse	5	Yamia
347	367	Physical Therapy Assistant	1	Tekfly
348	302	Actuary	4	Yambee
349	227	Junior Executive	5	Skaboo
350	64	Nurse Practicioner	10	Edgeify
351	420	Nurse Practicioner	1	Meedoo
352	71	Budget/Accounting Analyst I	7	Roombo
353	435	Paralegal	9	Twimm
354	167	Research Assistant III	4	Zoomcast
355	158	Social Worker	1	Jaxbean
356	289	Media Manager I	9	Leenti
357	351	Systems Administrator III	3	Buzzdog
358	387	Junior Executive	9	Dynabox
359	173	GIS Technical Architect	6	Demizz
360	427	Paralegal	6	Babbleopia
361	293	Geologist II	5	Lazzy
362	54	Operator	1	Katz
363	166	Assistant Media Planner	7	Tagfeed
364	197	Web Designer II	1	Shuffletag
365	238	VP Accounting	9	Zooveo
366	437	Teacher	7	Tekfly
367	342	Software Engineer IV	9	Einti
368	318	Nurse	7	Jabbercube
369	169	General Manager	9	Kwinu
370	60	Assistant Media Planner	7	Digitube
371	304	Systems Administrator II	2	Janyx
372	465	Registered Nurse	5	Devcast
373	178	Speech Pathologist	4	Realcube
374	376	Research Assistant I	1	Zoomlounge
375	58	Mechanical Systems Engineer	6	Divape
376	252	GIS Technical Architect	6	Twitterlist
377	357	Clinical Specialist	8	Bluejam
378	37	VP Product Management	5	Camido
379	259	Senior Cost Accountant	3	Nlounge
380	48	Product Engineer	9	Browsetype
381	415	Actuary	1	Zazio
382	282	Internal Auditor	6	Quinu
383	156	Systems Administrator I	4	Vinder
384	428	Automation Specialist III	9	Brainlounge
385	440	Nurse Practicioner	8	Innotype
386	449	Research Associate	2	InnoZ
387	489	Business Systems Development Analyst	4	Yodoo
388	119	Health Coach II	2	Skinder
389	137	Data Coordiator	9	Voolith
390	113	Product Engineer	4	Avavee
391	407	Sales Representative	5	Cogibox
392	391	Software Engineer IV	2	Fivechat
393	427	Media Manager I	6	Gabtype
394	109	Human Resources Manager	2	Lajo
395	460	Geological Engineer	10	Lazzy
396	197	Marketing Manager	3	Zoombox
397	74	Engineer I	7	Rhycero
398	101	Engineer II	7	Eazzy
399	408	General Manager	4	Eidel
400	9	Compensation Analyst	7	Brainbox
401	63	Desktop Support Technician	9	Ainyx
402	457	Compensation Analyst	5	Camido
403	217	Physical Therapy Assistant	9	Yodoo
404	36	General Manager	1	Yakidoo
405	305	Sales Associate	7	Rhynyx
406	210	Sales Representative	1	Voomm
407	155	Systems Administrator III	4	Vinte
408	135	Assistant Media Planner	2	Tavu
409	408	Human Resources Manager	3	Tagcat
410	385	GIS Technical Architect	8	Trilith
411	222	Quality Engineer	5	Feedfire
412	413	Marketing Assistant	7	Youbridge
413	478	Recruiting Manager	9	Fivespan
414	475	Compensation Analyst	4	Flashdog
415	182	VP Sales	6	Zoomzone
416	466	Structural Engineer	3	Buzzdog
417	96	Geological Engineer	5	Roodel
418	445	Operator	10	Mynte
419	144	Analyst Programmer	5	Eazzy
420	62	Associate Professor	10	Bubblebox
421	346	Nurse Practicioner	7	Brainverse
422	383	Nurse	7	Wikivu
423	131	Senior Editor	5	Tazzy
424	447	Civil Engineer	7	Eazzy
425	24	Dental Hygienist	8	Gigashots
426	237	Product Engineer	1	Dazzlesphere
427	352	Mechanical Systems Engineer	1	Lazz
428	442	Accounting Assistant II	2	Eidel
429	132	Project Manager	6	Flipopia
430	425	Help Desk Operator	8	Twiyo
431	360	Assistant Manager	7	Meeveo
432	399	Structural Analysis Engineer	4	Babbleset
433	390	Internal Auditor	3	Tagfeed
434	249	Engineer II	1	Meevee
435	305	Media Manager IV	8	Yodel
436	55	Web Designer III	3	Bubblebox
437	486	Financial Analyst	5	Jabbertype
438	200	Senior Quality Engineer	2	Edgepulse
439	386	Account Coordinator	3	Divavu
440	44	Safety Technician III	2	Kazu
441	325	Account Executive	6	Demimbu
442	500	Financial Analyst	3	Photobean
443	148	Statistician I	6	Lazzy
444	298	Project Manager	1	Flipstorm
445	300	Occupational Therapist	3	Voonder
446	315	Accountant IV	8	Oloo
447	242	Director of Sales	7	Oozz
448	388	VP Sales	8	Skinder
449	5	GIS Technical Architect	3	Feedfish
450	329	Software Consultant	9	Mynte
451	85	Budget/Accounting Analyst II	10	Chatterpoint
452	287	Pharmacist	6	Livetube
454	208	Safety Technician I	5	Buzzdog
455	54	Human Resources Manager	9	Shuffledrive
456	72	Statistician III	1	Flashdog
457	491	Office Assistant IV	6	Oyope
458	419	VP Product Management	7	Photolist
459	154	Developer III	9	Dabvine
460	192	Computer Systems Analyst IV	1	Twinder
461	397	Assistant Manager	6	Mydeo
462	305	Safety Technician II	5	Dazzlesphere
463	273	Staff Accountant III	2	Voonix
464	318	Registered Nurse	7	Dabshots
465	236	Budget/Accounting Analyst I	2	Shufflebeat
466	347	VP Product Management	2	Skippad
467	94	Structural Analysis Engineer	6	Skinte
468	105	Cost Accountant	7	Twitterbeat
469	323	Health Coach II	6	Wikido
470	322	Civil Engineer	5	Gevee
471	56	Editor	9	Babbleblab
472	27	Marketing Manager	10	Skyndu
473	410	Staff Scientist	3	Blogtags
474	194	Budget/Accounting Analyst III	6	Eazzy
475	243	Sales Associate	5	Aivee
476	161	Chemical Engineer	8	Izio
477	481	Engineer I	8	Centidel
478	92	Web Designer I	7	Skidoo
479	24	Accounting Assistant III	3	Mydo
480	242	Help Desk Operator	8	Omba
481	92	Statistician I	10	Jabbertype
482	44	Analyst Programmer	1	Aivee
483	473	Operator	1	Dabshots
484	176	Software Test Engineer III	3	Buzzbean
485	55	Senior Financial Analyst	8	Blogpad
486	104	Research Assistant III	1	Vimbo
487	437	Junior Executive	3	Feedmix
488	141	Food Chemist	2	Thoughtbridge
489	351	Account Executive	10	Roomm
490	429	Design Engineer	6	Blogspan
491	55	Nurse Practicioner	4	Devpoint
492	7	Senior Quality Engineer	3	Edgeclub
493	215	Software Test Engineer IV	10	Zava
494	143	Speech Pathologist	1	Talane
495	348	Budget/Accounting Analyst IV	5	Riffpath
496	244	Product Engineer	6	Rhyloo
497	381	Professor	2	Voomm
498	358	Associate Professor	9	Dazzlesphere
499	371	Accountant II	9	Tagchat
500	374	Senior Developer	4	Dabvine
501	128	Accountant I	9	Browsezoom
502	65	Executive Secretary	10	Yamia
503	313	Associate Professor	9	Yambee
504	228	Paralegal	3	Yabox
505	231	Senior Developer	8	Centidel
506	381	Programmer III	6	Photobean
507	261	Account Executive	3	Avamba
508	14	Dental Hygienist	9	Zoomdog
509	21	Human Resources Assistant II	10	Devshare
510	91	Recruiter	6	Fliptune
511	314	Recruiting Manager	4	Quimba
512	136	VP Product Management	8	Lajo
513	75	Research Nurse	7	Tagfeed
514	9	Automation Specialist II	4	Youspan
515	214	Programmer Analyst III	8	Feedspan
516	314	Database Administrator III	9	Thoughtbeat
517	439	Assistant Manager	7	Mycat
518	134	Junior Executive	2	JumpXS
519	302	Systems Administrator IV	8	Bubblemix
520	223	Project Manager	6	Jabbertype
521	198	Civil Engineer	9	Skyble
522	165	Geological Engineer	1	Browseblab
523	304	Food Chemist	7	Divape
524	263	Automation Specialist III	4	Skipfire
525	290	Nurse	2	Skivee
526	499	Budget/Accounting Analyst I	6	Devpoint
527	150	Financial Advisor	3	Aimbo
528	358	VP Product Management	8	Feedfire
529	62	Statistician IV	2	Thoughtblab
530	173	Nurse	6	Vidoo
531	401	Information Systems Manager	4	Rhyloo
532	121	Help Desk Operator	5	Voomm
533	38	Assistant Professor	5	Mydo
534	435	Recruiter	2	Oozz
535	194	Project Manager	2	Pixope
536	169	Structural Analysis Engineer	4	Skippad
537	278	Research Assistant II	4	Oloo
538	161	Assistant Professor	7	InnoZ
539	468	Junior Executive	5	Yambee
540	446	Structural Engineer	1	Photospace
541	478	Automation Specialist II	1	Latz
542	449	VP Quality Control	9	Demimbu
543	129	Electrical Engineer	5	Brainlounge
544	164	Data Coordiator	9	Flashset
545	461	Staff Accountant I	4	Kare
546	308	Help Desk Technician	6	Lajo
547	434	Speech Pathologist	8	Kwideo
548	121	Civil Engineer	1	Realblab
549	52	Research Nurse	10	Jetwire
550	215	Environmental Tech	6	Zooxo
551	337	Safety Technician II	5	Skivee
552	250	Staff Scientist	2	Skinte
553	472	Dental Hygienist	4	Bubblebox
554	13	Internal Auditor	5	Yamia
555	219	VP Product Management	4	Topicware
556	105	Quality Engineer	2	Shufflebeat
557	143	Chief Design Engineer	3	Zoomzone
558	230	Director of Sales	8	Midel
559	438	Web Developer IV	2	Topiclounge
560	83	Social Worker	1	Yakijo
561	411	Research Associate	8	Feedbug
562	217	VP Accounting	1	Zoonder
563	307	Web Developer I	3	Rhynyx
564	216	Recruiting Manager	2	Skibox
565	18	Clinical Specialist	10	Livepath
566	422	Health Coach I	3	Browsezoom
567	209	Senior Sales Associate	10	Demimbu
568	452	Legal Assistant	3	Kwinu
569	111	Electrical Engineer	6	Zoomdog
570	205	Nuclear Power Engineer	8	Flashdog
571	314	Chief Design Engineer	6	Ntag
572	389	Payment Adjustment Coordinator	7	Skyble
573	385	Speech Pathologist	2	Babblestorm
574	228	Pharmacist	3	Babbleblab
575	30	Biostatistician II	9	Dabtype
576	229	Payment Adjustment Coordinator	4	Tagchat
577	144	Senior Sales Associate	2	Eazzy
578	238	Financial Advisor	1	Einti
579	364	Geological Engineer	5	Twimbo
580	205	Business Systems Development Analyst	9	Linkbuzz
581	99	Senior Editor	4	Tagopia
582	210	Financial Advisor	9	Feedbug
583	66	Assistant Manager	3	Midel
584	29	Software Engineer I	4	Zoovu
585	85	Assistant Media Planner	6	Geba
586	431	Assistant Media Planner	1	Jatri
587	424	Analog Circuit Design manager	8	Minyx
588	108	Engineer I	10	Cogidoo
589	332	Research Nurse	3	Ooba
590	383	Information Systems Manager	2	Jayo
591	207	Senior Financial Analyst	3	Chatterbridge
592	479	Geological Engineer	8	Youspan
593	297	Technical Writer	10	Dabfeed
594	464	Data Coordiator	8	Cogidoo
595	155	Health Coach IV	6	Wordpedia
596	98	Product Engineer	4	Jaxnation
597	364	VP Quality Control	10	Trudoo
598	468	General Manager	4	Flipstorm
599	251	VP Product Management	4	Skalith
600	133	VP Sales	5	Yamia
601	344	Internal Auditor	2	Katz
602	492	Civil Engineer	4	Gigazoom
603	247	Mechanical Systems Engineer	1	Ooba
604	349	Research Assistant I	9	Gabtune
605	475	Junior Executive	9	Mybuzz
606	113	Occupational Therapist	6	Wordware
607	256	Professor	4	Riffpedia
608	148	Director of Sales	3	Wikizz
609	233	Clinical Specialist	8	Talane
610	17	Engineer III	2	Aimbu
611	455	Account Coordinator	3	Flipbug
612	391	Office Assistant II	2	Mymm
613	289	Executive Secretary	1	Dabvine
614	306	Speech Pathologist	8	Quamba
615	133	Assistant Media Planner	4	Vimbo
616	175	Assistant Manager	3	Meeveo
617	428	Editor	5	Kamba
618	33	Business Systems Development Analyst	2	Pixonyx
619	158	Account Coordinator	3	Wordware
620	121	VP Product Management	5	Plajo
621	419	Internal Auditor	8	Nlounge
622	277	Staff Accountant IV	6	Skyba
623	57	Administrative Officer	6	Kazio
624	23	Tax Accountant	3	Topiclounge
625	412	Professor	1	Bubblebox
626	322	Media Manager III	3	Mudo
627	249	Quality Control Specialist	1	Voolith
628	236	Sales Representative	6	Yambee
629	115	Accounting Assistant I	3	Jabbercube
630	438	Systems Administrator II	3	Twitterbeat
631	358	Librarian	1	Blognation
632	463	Computer Systems Analyst II	8	Gigaclub
633	412	Speech Pathologist	8	Tazzy
634	253	Associate Professor	2	Jaxnation
635	235	Clinical Specialist	10	Oba
636	105	Food Chemist	1	Meeveo
637	363	Senior Financial Analyst	4	Podcat
638	308	Structural Engineer	10	Buzzster
639	234	Project Manager	6	Thoughtstorm
640	481	Project Manager	7	Nlounge
641	372	Recruiting Manager	8	Kayveo
642	66	Librarian	5	Topiczoom
643	19	Marketing Assistant	10	Devcast
644	42	Paralegal	9	Trunyx
645	204	Food Chemist	1	Rhybox
646	416	GIS Technical Architect	3	Ainyx
647	305	Biostatistician IV	10	Agimba
648	332	Chemical Engineer	8	Browsedrive
649	245	Sales Associate	10	Mydo
650	256	VP Accounting	4	Wikivu
651	142	Senior Editor	3	Kanoodle
652	435	Human Resources Assistant II	10	Plambee
653	248	VP Product Management	9	Einti
654	195	Payment Adjustment Coordinator	4	Brainsphere
655	82	Clinical Specialist	5	Thoughtsphere
656	132	Clinical Specialist	10	Blognation
657	8	Financial Analyst	3	Jaxworks
658	57	VP Sales	9	Kwilith
659	168	Professor	4	Meejo
660	172	Editor	2	Digitube
661	149	Teacher	4	Gigaclub
662	309	Accounting Assistant II	3	Jabbertype
663	239	Actuary	3	Edgeify
664	42	Human Resources Assistant I	1	Photobug
665	183	Staff Scientist	9	Twiyo
666	87	Sales Representative	7	Avamba
667	27	Analyst Programmer	3	Oyoyo
668	228	Office Assistant II	1	Reallinks
669	159	Senior Sales Associate	10	Wikizz
670	392	Biostatistician I	8	Kanoodle
671	245	Nuclear Power Engineer	6	Myworks
672	239	Speech Pathologist	4	Thoughtstorm
673	272	Quality Control Specialist	2	Mudo
674	379	Help Desk Technician	4	Vimbo
675	127	Senior Editor	1	Wikizz
676	484	Design Engineer	7	Agimba
677	452	Clinical Specialist	9	Leenti
678	295	Senior Financial Analyst	8	Oyondu
679	227	Information Systems Manager	10	Zoomzone
680	16	Marketing Assistant	3	Shufflester
681	68	Editor	1	Dynabox
682	316	Health Coach III	9	Twitterworks
683	182	Product Engineer	9	Rhynyx
684	381	Business Systems Development Analyst	1	InnoZ
685	190	Safety Technician I	2	Pixoboo
686	183	Research Associate	2	Trudeo
687	89	Actuary	6	Brainsphere
688	227	GIS Technical Architect	9	Jaxnation
689	319	Software Engineer IV	6	Ntag
690	324	Internal Auditor	2	Leenti
691	271	Structural Engineer	5	Photolist
692	275	Nurse Practicioner	5	Fivespan
693	135	Senior Developer	6	Eazzy
694	324	Account Executive	1	Browsebug
695	372	Mechanical Systems Engineer	9	Tekfly
696	349	Occupational Therapist	8	Cogilith
697	227	Business Systems Development Analyst	7	Oyope
698	152	Junior Executive	2	Browsebug
699	46	Legal Assistant	8	Trudeo
700	5	Human Resources Manager	6	Skinder
701	486	Community Outreach Specialist	2	Voonte
702	73	Health Coach III	6	Tagpad
703	134	Help Desk Operator	6	Tekfly
704	23	Structural Analysis Engineer	5	Voonyx
705	424	Budget/Accounting Analyst I	4	Trilith
706	394	Programmer I	4	Rhyloo
707	415	Administrative Officer	4	Oyoloo
708	190	Office Assistant IV	2	Topicshots
709	186	Nuclear Power Engineer	3	Tavu
710	181	Health Coach I	10	Pixoboo
711	473	Compensation Analyst	9	Skinte
712	172	Project Manager	1	Topicshots
713	160	Health Coach II	7	Dabfeed
714	349	Physical Therapy Assistant	5	Feedbug
715	366	Computer Systems Analyst I	1	Tavu
716	86	Recruiting Manager	4	Yamia
717	194	Budget/Accounting Analyst III	5	Mydeo
718	280	Developer IV	8	Jabbercube
719	395	Statistician IV	2	Digitube
720	319	Human Resources Manager	8	Photobug
721	113	Analog Circuit Design manager	9	Roombo
722	203	Editor	7	Dabvine
723	492	Environmental Tech	10	Youspan
724	312	Account Executive	10	Meejo
725	137	Programmer III	3	Tekfly
726	474	Help Desk Operator	2	Yakidoo
727	437	Media Manager IV	7	Rhynyx
728	259	Administrative Assistant II	8	Topicware
729	126	Geologist II	2	Feedmix
730	47	Analyst Programmer	10	Browsetype
731	457	Research Associate	1	Ainyx
732	21	Computer Systems Analyst IV	8	Babbleblab
733	352	Programmer Analyst I	2	Dabfeed
734	253	Research Assistant III	10	Kwimbee
735	85	Web Developer II	7	Skyba
736	475	Occupational Therapist	6	Yotz
737	69	Dental Hygienist	1	Mydeo
738	472	Food Chemist	4	Topiczoom
739	422	Analyst Programmer	8	Livepath
740	316	Software Engineer II	2	Voomm
741	251	Account Representative III	2	Realbridge
742	173	Senior Financial Analyst	2	Nlounge
743	160	Administrative Officer	8	Youspan
744	131	Community Outreach Specialist	3	Tagcat
745	413	Professor	2	Myworks
746	259	Design Engineer	7	Oba
747	360	Database Administrator IV	3	Katz
748	111	Environmental Specialist	2	InnoZ
749	37	Food Chemist	1	Kazio
750	325	Executive Secretary	5	Jaloo
751	101	Health Coach IV	7	Leenti
752	168	Account Executive	5	Feedbug
753	206	Database Administrator IV	1	Babbleblab
754	424	Web Developer I	9	Yakijo
755	8	Physical Therapy Assistant	9	Latz
756	52	Financial Analyst	10	Pixope
757	202	Account Representative III	3	Rhybox
758	181	Help Desk Technician	6	Voonix
759	147	Cost Accountant	3	Yambee
760	46	Editor	7	Edgeify
761	101	Web Designer III	8	Oyonder
762	441	Human Resources Assistant III	10	Ntag
763	260	Project Manager	10	Topicware
764	276	Environmental Specialist	4	Linklinks
765	237	Software Engineer III	8	Oyonder
766	44	Senior Cost Accountant	9	Roombo
767	226	Senior Financial Analyst	5	Meevee
768	259	Software Consultant	5	Voonder
769	433	General Manager	6	Meejo
770	481	Software Consultant	4	Centizu
771	153	Sales Representative	7	Devpoint
772	230	Financial Advisor	5	Kazio
773	300	Paralegal	6	Skyble
774	269	Desktop Support Technician	1	Plajo
775	256	Business Systems Development Analyst	9	Fadeo
776	413	Marketing Manager	3	Fivebridge
777	259	Nuclear Power Engineer	6	Realblab
778	87	Junior Executive	6	Eimbee
779	41	Help Desk Technician	9	Zooxo
780	47	Geologist I	3	Janyx
781	417	Operator	1	Babbleblab
782	128	Professor	6	Shuffledrive
783	285	Recruiter	2	Jabberstorm
784	59	Nurse	9	Pixonyx
785	49	Web Developer IV	3	Realfire
786	176	Structural Analysis Engineer	3	Miboo
787	247	Physical Therapy Assistant	5	Realmix
788	483	Physical Therapy Assistant	9	Voonyx
789	211	Technical Writer	4	Dazzlesphere
790	302	Geologist III	7	Skippad
791	37	General Manager	8	Skaboo
792	477	Software Engineer I	2	Oyoyo
793	255	Senior Financial Analyst	4	Wikizz
794	134	Accounting Assistant III	7	Demizz
795	230	Structural Analysis Engineer	1	Youbridge
796	253	Software Test Engineer II	1	Meedoo
797	446	Assistant Media Planner	7	Flashset
798	296	Software Consultant	7	Quamba
799	26	Chief Design Engineer	7	Fanoodle
800	313	Quality Control Specialist	1	Shufflester
801	499	Senior Developer	8	Gigabox
802	385	Software Test Engineer I	2	Kwideo
803	395	Environmental Specialist	10	Shufflebeat
804	72	Sales Representative	4	Skalith
805	422	Senior Sales Associate	1	Yozio
806	329	Help Desk Technician	8	Babbleblab
807	311	Executive Secretary	2	Bubblemix
808	275	Systems Administrator IV	1	Jabbersphere
809	377	Sales Representative	4	Skippad
810	410	Statistician IV	7	Pixoboo
811	100	Structural Analysis Engineer	5	Jaxnation
812	170	Paralegal	7	Meevee
813	28	Systems Administrator IV	8	Gabvine
814	199	Executive Secretary	7	Zazio
815	310	Research Nurse	7	Realblab
816	328	VP Accounting	6	Myworks
817	59	Associate Professor	8	Gigashots
818	423	Director of Sales	9	Agivu
819	321	Data Coordiator	2	Wordify
820	134	VP Product Management	2	Lazzy
821	326	Quality Control Specialist	9	Wordpedia
822	109	Budget/Accounting Analyst III	6	Topdrive
823	488	Marketing Assistant	9	Yabox
824	303	Biostatistician III	6	Camido
825	469	Sales Associate	6	Innotype
826	52	Dental Hygienist	5	Youspan
827	264	Staff Accountant I	10	Photobug
828	285	Senior Quality Engineer	6	Kamba
829	255	Computer Systems Analyst II	4	Rhyloo
830	195	Health Coach IV	3	Skiptube
831	491	Software Consultant	4	Babbleblab
832	470	Assistant Media Planner	8	DabZ
833	17	Research Assistant I	7	Jamia
834	464	Design Engineer	1	Youfeed
835	352	Chief Design Engineer	6	Fliptune
836	451	VP Accounting	10	Wikizz
837	229	Nuclear Power Engineer	8	Devpoint
838	372	Programmer III	3	Brainsphere
839	468	VP Quality Control	9	Shufflebeat
840	471	Analyst Programmer	3	Flashspan
841	27	Environmental Tech	3	Devify
842	78	Clinical Specialist	10	Gigabox
843	107	Environmental Tech	7	Brainlounge
844	295	Senior Sales Associate	9	Cogibox
845	168	Help Desk Technician	4	Quatz
846	436	Software Test Engineer II	6	Oodoo
847	82	Engineer I	1	Plajo
848	284	Data Coordiator	3	Kwinu
849	240	Database Administrator III	4	Thoughtsphere
850	321	Account Coordinator	9	Zooveo
851	407	Speech Pathologist	2	Jabberstorm
852	329	Senior Developer	3	Kimia
853	61	Health Coach II	10	Zooveo
854	484	Research Nurse	1	Dynazzy
855	179	Clinical Specialist	5	Photobean
856	186	Executive Secretary	3	Shuffledrive
857	393	Health Coach IV	8	Jayo
858	235	Statistician II	7	Divavu
859	459	Dental Hygienist	4	Blognation
860	11	Marketing Assistant	10	Oloo
861	340	Food Chemist	6	Brainverse
862	481	Administrative Assistant IV	4	Twinder
863	413	Registered Nurse	2	Abatz
864	324	Senior Editor	10	Mycat
865	225	Teacher	2	Teklist
866	48	Recruiting Manager	1	Innojam
867	188	Environmental Specialist	5	Quimba
868	465	Marketing Manager	8	Jabberstorm
869	84	Research Nurse	3	Topdrive
870	62	Chemical Engineer	6	Katz
871	326	Quality Engineer	8	Zooxo
872	17	Engineer II	3	Topdrive
873	498	Recruiter	7	Linkbridge
874	193	Data Coordiator	9	Topicware
875	319	Internal Auditor	6	Skibox
876	59	Pharmacist	2	Talane
877	84	Electrical Engineer	1	Demimbu
878	169	Director of Sales	2	Linklinks
879	331	Analyst Programmer	3	Oyope
880	357	Web Developer IV	8	Dabshots
881	214	Account Representative III	1	Wikido
882	378	Staff Accountant III	1	Buzzster
883	28	Junior Executive	2	Flashspan
884	403	Cost Accountant	1	Oba
885	273	Staff Accountant I	10	Voomm
886	167	Food Chemist	3	Eamia
887	38	Analyst Programmer	1	Youopia
888	79	Nurse Practicioner	7	Mita
889	14	General Manager	7	Quaxo
890	69	Computer Systems Analyst IV	7	Camimbo
891	259	Recruiter	8	Buzzster
892	384	Assistant Manager	1	Devpulse
893	408	Occupational Therapist	10	Linklinks
894	394	VP Marketing	8	Yakidoo
895	495	Cost Accountant	7	Dabtype
896	82	Systems Administrator II	8	Jatri
897	351	Research Assistant IV	6	Kayveo
898	481	Marketing Manager	8	Reallinks
899	206	Operator	10	Meeveo
900	122	Social Worker	5	Bluejam
901	366	Recruiting Manager	7	Dabvine
902	270	Editor	7	Dabtype
903	262	Quality Engineer	2	Jabbersphere
904	403	Research Associate	9	Topiclounge
905	352	Food Chemist	4	Yata
906	60	Office Assistant II	8	Edgeify
907	212	Senior Sales Associate	8	Kanoodle
908	77	Business Systems Development Analyst	10	Digitube
909	262	Budget/Accounting Analyst I	5	Dabshots
910	255	Executive Secretary	10	Youtags
911	476	Programmer IV	3	Mydeo
912	324	Chief Design Engineer	2	Kanoodle
913	4	Research Assistant III	1	Oyoba
914	2	Research Nurse	10	Jabbersphere
915	180	Database Administrator II	4	Aimbo
916	376	Engineer I	5	Reallinks
917	39	Financial Advisor	10	Eimbee
918	427	Quality Control Specialist	2	Feedmix
919	462	Operator	7	Gigashots
920	484	Physical Therapy Assistant	4	Quamba
921	179	Account Coordinator	5	Devpoint
922	258	Senior Editor	7	Cogidoo
923	289	Civil Engineer	3	Shuffletag
924	316	Clinical Specialist	3	Yakidoo
925	181	Senior Editor	4	Mynte
926	169	Electrical Engineer	3	Tambee
927	273	Payment Adjustment Coordinator	10	Youfeed
928	269	Design Engineer	5	Rhycero
929	214	Help Desk Operator	3	Jayo
930	209	Director of Sales	4	Riffpath
931	8	Desktop Support Technician	4	Abatz
932	354	Analyst Programmer	3	Roombo
933	295	Assistant Manager	8	Meemm
934	229	Paralegal	3	Photofeed
935	77	Senior Cost Accountant	10	Oloo
936	211	GIS Technical Architect	10	Topiczoom
937	38	Budget/Accounting Analyst IV	7	Eimbee
938	344	Director of Sales	9	Skynoodle
939	191	Help Desk Operator	1	Quaxo
940	485	VP Marketing	3	Skivee
941	7	Nuclear Power Engineer	10	Blogspan
942	469	General Manager	9	Shufflester
943	65	Programmer I	2	Twitterlist
944	241	Assistant Professor	10	Fivebridge
945	192	Speech Pathologist	4	Jabberstorm
946	391	Senior Cost Accountant	2	Brainbox
947	451	Account Coordinator	1	Roodel
948	334	Editor	5	Babbleblab
949	151	Desktop Support Technician	5	Vimbo
950	289	Chemical Engineer	2	Janyx
951	411	Electrical Engineer	9	Zoomlounge
952	87	Accountant II	10	Fivechat
953	115	Senior Cost Accountant	8	Zooxo
954	191	Civil Engineer	1	Snaptags
955	383	Information Systems Manager	8	Jaxbean
956	28	Business Systems Development Analyst	5	Blogtag
957	229	Software Engineer I	10	Shufflebeat
958	134	Geologist II	2	Twitterbeat
959	304	Financial Advisor	8	Kwimbee
960	56	Senior Cost Accountant	5	Tazzy
961	221	Legal Assistant	1	Einti
962	138	Accountant I	6	Thoughtbridge
963	178	Librarian	8	Yozio
964	479	Help Desk Operator	10	Zazio
965	54	Structural Analysis Engineer	8	Flashpoint
966	450	Staff Scientist	6	Reallinks
967	326	General Manager	3	Vipe
968	381	Account Representative III	7	Skinte
969	289	Environmental Specialist	3	Browseblab
970	256	Administrative Assistant III	7	Edgeclub
971	386	Desktop Support Technician	6	Bubbletube
972	239	Research Assistant IV	6	Brainverse
973	168	Office Assistant IV	5	Demivee
974	371	Payment Adjustment Coordinator	9	Shuffledrive
975	338	Internal Auditor	10	Rhybox
976	411	Research Associate	10	Kayveo
977	30	VP Sales	7	Ntags
978	90	Recruiting Manager	5	Centimia
979	170	Office Assistant II	10	Kamba
980	52	Community Outreach Specialist	7	Kaymbo
981	117	Occupational Therapist	8	Podcat
982	68	Systems Administrator I	7	Brightdog
983	427	Cost Accountant	4	Gabtune
984	20	Nurse	10	BlogXS
985	333	Software Consultant	2	Yodel
986	157	Project Manager	6	Wikizz
987	468	Director of Sales	1	Vimbo
988	162	Mechanical Systems Engineer	7	Wordware
989	215	Account Executive	5	Dynabox
990	383	Food Chemist	1	Eamia
991	496	Senior Editor	9	Browsetype
992	337	VP Sales	7	Tazzy
993	11	Accountant II	2	Bluezoom
994	387	Product Engineer	5	Brainsphere
995	266	Social Worker	5	Yata
996	47	Nurse	1	Kazu
997	122	Operator	2	Vidoo
998	348	Associate Professor	7	Podcat
999	462	Structural Engineer	3	Yozio
1000	423	Data Coordiator	4	Yodel
1001	333	Product Intern	7	Livehere
1002	333	Product Owner	7	Gastrol
1003	333	Director	3	Alphabet
\.


--
-- Data for Name: habilities; Type: TABLE DATA; Schema: public; Owner: networks
--

COPY public.habilities (id, name) FROM stdin;
1	Childhood Obesity
2	Music Publishing
3	Database Marketing
4	CMC Regulatory Affairs
5	Training
6	Xerox Printers
7	Driving Results
8	DPR
9	Wellbeing
10	DC Drives
11	SRM 5.0
12	WTX
13	Rural Development
14	z/OS
15	Kinect
16	MXML
17	Flex
18	LSAT
19	User-centered Design
20	FM/2
21	FHLMC
22	EEO Compliance
23	MGCP
24	Outsourcing Management
25	xBase
26	Urbanism
27	Botany
28	Web Design
29	Kung Fu
30	Project Management
31	Software Implementation
32	Carriage of Goods by Sea
33	JSP440
34	Oceanography
35	PIX
36	Pdf
37	CBORD
38	jQTouch
39	PFTrack
40	Aerial Photography
41	RCS Master Control
42	MPEG Streamclip
43	WWII
44	Special Events
45	AMBA AHB
46	Corporate Branding
47	Help Desk Support
48	Film
49	AU
50	NLog
51	American Politics
52	OAuth
53	HTML5
54	ERP Software
55	WMI
56	RDz
57	Nanofabrication
58	CSPO
59	Owners Representative
60	PPC
61	Training
62	Immunohistochemistry
63	Beer
64	Thermodynamics
65	IVIG
66	Iron Ore
67	Hyper-V
68	SAP BW
69	TDC3000
70	Abstracting
71	WS-I
72	Private Banking
73	Events Organisation
74	Affiliate Marketing
75	DST
76	SQR
77	Lean Manufacturing
78	Custom Furniture
79	Aerobics
80	NCIDQ
81	UCITS
82	Account Management
83	Medical Education
84	DFSS Green Belt
85	IBM Certified
86	ERD
87	WSS 2.0
88	TBB
89	On Location
90	LyX
91	Cost Accounting
92	MDaemon
93	Passionate about work
94	Overall Wellness
95	Btrieve
96	BFD
97	MPR
98	OTP
99	Xalan
100	MySQLi
101	CTM
102	BDCs
103	PDMS Draft
104	Naval Architecture
105	DDMS
106	UV/Vis
107	Human Anatomy
108	Management
109	UDP
110	Type Approval
111	National Security
112	HTFS
113	Digital Imaging
114	Document Review
115	Wine Tasting
116	Organizational Leadership
117	Eyebrow
118	Tds
119	IFS ERP
120	VSX
121	Amazon Web Services (AWS)
122	SRP
123	ERDAS Imagine
124	RCS
125	Eagle PCB
126	Church Events
127	SLES
128	Workforce Management
129	eGaming
130	Alumni Relations
131	Floor Plans
132	PVC
133	English
134	NBAR
135	LVM
136	Zoho
137	Online Research
138	Omgeo Oasys
139	Routers
140	Linux System Administration
141	UL
142	HNI
143	Btrieve
144	Land Use Planning
145	Socket.io
146	Typo3
147	Life Insurance
148	Organizational Design
149	Vulcan
150	DMMs
151	OSHA Certified
152	Plant Identification
153	RHEL
154	Lyrics
155	FDMA
156	Google Docs
157	RSVP
158	Joint Military Operations
159	CDMA2000
160	PCR Primer Design
161	Immunohistochemistry
162	Microsoft Office
163	TS
164	Nursing Management
165	Mac &amp; PC platforms
166	Cyber-security
167	WSPG
168	IoC
169	NDMP
170	HW Design
171	Aerial Photography
172	Financial Advisory
173	NSE
174	UK Corporation Tax
175	MRO Management
176	Foreign Trade Zone
177	VRTX
178	OmniGraffle
179	XLSTAT
180	NSE
181	NVH
182	JBoss ESB
183	HTK
184	Investment Banking
185	CWS
186	Oracle BPM
187	Government Contracting
188	Charitable Giving
189	CDMA 1X
190	IBM Rational Tools
191	BTE
192	Hyperion Planning
193	LTV
194	GC-MS
195	NFPA 101
196	Ion Channels
197	FTPS
198	Security Operations
199	CCNP
200	Government Relations
201	Highways
202	SMS
203	Nutritional Counseling
204	Mood Boards
205	SBT
206	Protein Purification
207	CCS
208	TJC
209	Multi-Unit Management
210	Software Documentation
211	OCR
212	JScript
213	CNS disorders
214	Lecturing
215	BD+C
216	Oligonucleotide Synthesis
217	Ionic Liquids
218	Mysis
219	Cyber Defense
220	Rugby
221	MLD
222	EWP
223	Virtualization
224	Animal Work
225	Cross-border Transactions
226	PVSyst
227	Organizational Leadership
228	Blender
229	XFire
230	Language Teaching
231	CMC Regulatory Affairs
232	Public Affairs
233	HW development
234	PDM Works
235	MCDST
236	HDSL
237	Wellbeing
238	Financial Analysis
239	Water Features
240	VO
241	PMBOK
242	PWA
243	RS232
244	Pitching Ideas
245	Military Logistics
246	Kundalini Yoga
247	GMRA
248	Quality by Design
249	Website Updating
250	TMJ Dysfunction
251	Equity Derivatives
252	UF/DF
253	Ships
254	Gastroenterology
255	Health Economics
256	HNW
257	Policy Writing
258	VLSI CAD
259	USB
260	JIRA
261	LLQP
262	DVD Duplication
263	MWS
264	Lifestyle
265	Android SDK
266	Trading
267	Commercial Property Owners
268	Automotive
269	Logic Pro
270	Algebra
271	MBS
272	PWB
273	ILT
274	global HCM
275	Legal Documents
276	Demand Generation
277	Odyssey
278	PXE
279	NPR Report Writing
280	Zuora
281	PTO
282	Flash Animation
283	Otoplasty
284	IPTV
285	Local Government
286	IBM AS/400
287	RDMA
288	RF Design
289	Technical Documentation
290	Overall Wellness
291	Environmental Issues
292	CNC
293	CNC Programing
294	CFK
295	Dance
296	Xetra
297	BMD
298	IBM XIV
299	YUI
300	ERISA
301	NGOSS
302	Pianist
303	Global Mobility
304	MMI
305	LNA
306	JPA
307	Autodesk Inventor
309	NDA
310	uC/OS-II
311	AODA
312	eEye Retina
313	GL
314	LSAMS
315	VC-1
316	Android
317	Ticket Sales
318	Windows NT
319	Telephone Skills
320	Airlines
321	Solar PV
322	CSV
323	Downstream Oil &amp; Gas
324	Governmental Affairs
325	Soft Skills
326	Childhood Obesity
327	qRT-PCR
328	IEEE 802.3
329	VBScript
330	Youth Leadership
331	FCIP
332	GUI development
333	uDig
334	CMYK
335	Logo Design
336	Systems Engineering
337	Dry Eye
338	RVs
339	TWiki
340	Team Mgmt
341	MMO
342	Civil Aviation
343	Furnishings
344	Floor Plans
345	RSpec
346	Custom CMS Development
347	MRSA
348	Justice
349	Space Planning
350	Vulnerability Research
351	MM7
352	Ambulance
353	GPC
354	End User Training
355	Kitchen Cabinets
356	GGY Axis
357	Film
358	Avid Newscutter
359	TCM
360	Protein Purification
361	Youth Marketing
362	Trail Running
363	Pthreads
364	BCNE
365	Urban Infill
366	TTP
367	Sports Injuries
368	Strategic Planning
369	NSA
370	Fortran
371	RS422
372	IOS Firewall
373	Fashion Buying
374	Human Resource Planning
375	Konica
376	ASME
377	HTRI Software
378	Errors &amp; Omissions
379	Rational XDE
380	Geology
381	DC-DC
382	BMV
383	Operational Efficiency
384	Glasses
385	MDA
386	JUnit
387	BOSIET
388	SBA
389	Classroom
390	FHA Financing
391	Outdoor Kitchens
392	IXIA
393	Hyper-V
394	Gyrokinesis
395	Real Estate Development
396	HDSL
397	Vulnerability Scanning
398	RSA Security
399	KML
400	SS7
308	NLP
\.


--
-- Data for Name: users; Type: TABLE DATA; Schema: public; Owner: networks
--

COPY public.users (id, nome, sobrenome, email, foto, residencia, formacao) FROM stdin;
1	Yorgos	Rothert	yrothert0@digg.com	https://robohash.org/quiaenimqui.png?size=50x50&set=set1	Jaga	Librarian
2	Ivett	Blackaller	iblackaller1@buzzfeed.com	https://robohash.org/sitquiasapiente.png?size=50x50&set=set1	Lubin	Health Coach IV
3	Stephanie	Bowlesworth	sbowlesworth2@ezinearticles.com	https://robohash.org/nostrumpraesentiumquae.png?size=50x50&set=set1	Mabilang	Speech Pathologist
4	Beitris	Ruddin	bruddin3@friendfeed.com	https://robohash.org/aspernaturmagniporro.png?size=50x50&set=set1	Sutton	Business Systems Development Analyst
5	Matteo	Halvorsen	mhalvorsen4@stanford.edu	https://robohash.org/assumendaipsumeveniet.png?size=50x50&set=set1	Gbawe	Administrative Assistant IV
6	Estell	Breeze	ebreeze5@salon.com	https://robohash.org/debitisetid.png?size=50x50&set=set1	Le Kremlin-Bicêtre	Marketing Manager
7	Zacharie	Gatchell	zgatchell6@dailymotion.com	https://robohash.org/autrerumquasi.png?size=50x50&set=set1	Villa Cañás	Safety Technician IV
8	Steve	Lancett	slancett7@rakuten.co.jp	https://robohash.org/aliquideumnihil.png?size=50x50&set=set1	Lambangan Kulon	Assistant Manager
9	Cammy	Tregaskis	ctregaskis8@nyu.edu	https://robohash.org/reprehenderiteosquae.png?size=50x50&set=set1	Mikrókampos	Nurse Practicioner
10	Cherish	Whannel	cwhannel9@weather.com	https://robohash.org/eligendicommodiimpedit.png?size=50x50&set=set1	Sungi Liput	Senior Editor
11	Noellyn	Kirkhouse	nkirkhousea@list-manage.com	https://robohash.org/etperspiciatisvoluptas.png?size=50x50&set=set1	Khao Kho	Electrical Engineer
12	Marga	Possek	mpossekb@go.com	https://robohash.org/ametvoluptaseius.png?size=50x50&set=set1	Płońsk	Developer II
13	Luise	Korpolak	lkorpolakc@umich.edu	https://robohash.org/occaecatiassumendaconsequatur.png?size=50x50&set=set1	Dulles	Executive Secretary
14	Edie	Jancey	ejanceyd@stanford.edu	https://robohash.org/accusantiumsimiliquerepellat.png?size=50x50&set=set1	Bełżyce	Occupational Therapist
15	Joni	Meys	jmeyse@163.com	https://robohash.org/magnamevenieterror.png?size=50x50&set=set1	Delgado	Help Desk Operator
16	Jany	Lightowlers	jlightowlersf@disqus.com	https://robohash.org/itaquesitmaxime.png?size=50x50&set=set1	Tupiza	Sales Associate
17	Baillie	Pembridge	bpembridgeg@vistaprint.com	https://robohash.org/estconsequaturaliquam.png?size=50x50&set=set1	Novo-Peredelkino	Accounting Assistant II
18	Carena	Guice	cguiceh@timesonline.co.uk	https://robohash.org/sequinullaquia.png?size=50x50&set=set1	Zuolan	Assistant Professor
19	Daven	Finey	dfineyi@blogs.com	https://robohash.org/sintetvoluptatem.png?size=50x50&set=set1	La Cocha	Geologist III
20	Leonora	Kells	lkellsj@bbc.co.uk	https://robohash.org/sitoccaecativitae.png?size=50x50&set=set1	Douliu	Software Consultant
21	Aile	McColley	amccolleyk@theguardian.com	https://robohash.org/utquibusdamculpa.png?size=50x50&set=set1	Wangjiaping	VP Sales
22	Auria	Kohlert	akohlertl@npr.org	https://robohash.org/etametdebitis.png?size=50x50&set=set1	Jixiang	Compensation Analyst
23	Law	Espinazo	lespinazom@newyorker.com	https://robohash.org/sedsitarchitecto.png?size=50x50&set=set1	Jinxiang	Staff Scientist
24	Yovonnda	Cashmore	ycashmoren@last.fm	https://robohash.org/fuganesciuntofficiis.png?size=50x50&set=set1	Kazanlŭk	Pharmacist
25	Any	Bromby	abrombyo@is.gd	https://robohash.org/pariaturametnon.png?size=50x50&set=set1	Bahāwalpur	Assistant Media Planner
26	Simone	Paik	spaikp@facebook.com	https://robohash.org/voluptatumoptioaccusamus.png?size=50x50&set=set1	Grosuplje	Health Coach I
27	Cate	Mendonca	cmendoncaq@comcast.net	https://robohash.org/namquisnumquam.png?size=50x50&set=set1	Pag	Payment Adjustment Coordinator
28	Abdul	Castanho	acastanhor@youtube.com	https://robohash.org/quivoluptatemofficiis.png?size=50x50&set=set1	Starobelokurikha	Quality Control Specialist
29	Linette	Moar	lmoars@umn.edu	https://robohash.org/nihilfacereillo.png?size=50x50&set=set1	Xijiadian	Social Worker
30	Avrom	Belshaw	abelshawt@trellian.com	https://robohash.org/excepturiipsaaut.png?size=50x50&set=set1	Honglong	Electrical Engineer
31	Tressa	Boylan	tboylanu@histats.com	https://robohash.org/aspernaturetet.png?size=50x50&set=set1	Radlje ob Dravi	Account Executive
32	Starlin	Neicho	sneichov@google.pl	https://robohash.org/culpalaboreet.png?size=50x50&set=set1	Sampangbitung	Account Representative I
33	Annadiane	Colcutt	acolcuttw@aboutads.info	https://robohash.org/teneturconsequatureos.png?size=50x50&set=set1	Figueira dos Cavaleiros	Nurse
34	Rowe	Piel	rpielx@infoseek.co.jp	https://robohash.org/aliaseummollitia.png?size=50x50&set=set1	Gaoshi	Analog Circuit Design manager
35	Antonino	Belt	abelty@bigcartel.com	https://robohash.org/voluptatemvoluptatescumque.png?size=50x50&set=set1	Fenyan	VP Sales
36	Eda	Pennick	epennickz@miitbeian.gov.cn	https://robohash.org/consecteturetut.png?size=50x50&set=set1	Tunja	General Manager
37	Liana	Johanssen	ljohanssen10@icq.com	https://robohash.org/voluptatenonperferendis.png?size=50x50&set=set1	Kalde Panga	Quality Control Specialist
38	Nikolaos	Fishpool	nfishpool11@woothemes.com	https://robohash.org/eligendiesthic.png?size=50x50&set=set1	Camilaca	Geological Engineer
39	Layla	Klemmt	lklemmt12@nih.gov	https://robohash.org/dictaquosint.png?size=50x50&set=set1	Buganda	Pharmacist
40	Hildagard	Janse	hjanse13@blinklist.com	https://robohash.org/quaerataspernaturquas.png?size=50x50&set=set1	Balayong	Recruiting Manager
41	Salomone	Dufaire	sdufaire14@dell.com	https://robohash.org/dolorasperioreseos.png?size=50x50&set=set1	Slunj	Nurse
42	Griz	Hehir	ghehir15@nyu.edu	https://robohash.org/similiqueoditsed.png?size=50x50&set=set1	Shezhu	Quality Engineer
43	Verine	Kingswold	vkingswold16@liveinternet.ru	https://robohash.org/repellendusvelitlaborum.png?size=50x50&set=set1	Santa Vitória do Palmar	Web Developer III
44	Jameson	Gilli	jgilli17@elegantthemes.com	https://robohash.org/inventoreabculpa.png?size=50x50&set=set1	Baofeng	Information Systems Manager
45	Stearne	Markham	smarkham18@fc2.com	https://robohash.org/occaecatiearumnon.png?size=50x50&set=set1	Suhe	Software Engineer I
46	Leigh	Cruce	lcruce19@epa.gov	https://robohash.org/itaqueetfugit.png?size=50x50&set=set1	Molchanovo	Director of Sales
47	Hatty	Errett	herrett1a@jimdo.com	https://robohash.org/accusamusculpafacilis.png?size=50x50&set=set1	Радолишта	Legal Assistant
48	Cristen	Levy	clevy1b@xing.com	https://robohash.org/fugaquiaea.png?size=50x50&set=set1	Vorob’yovo	Chief Design Engineer
49	Hansiain	Givens	hgivens1c@pbs.org	https://robohash.org/necessitatibusminusrerum.png?size=50x50&set=set1	Karlstad	Environmental Tech
50	Ivonne	Ingolotti	iingolotti1d@google.com.br	https://robohash.org/autblanditiiscommodi.png?size=50x50&set=set1	Acolla	Office Assistant IV
51	Susana	Schoular	sschoular1e@google.it	https://robohash.org/estidnam.png?size=50x50&set=set1	Luleå	Payment Adjustment Coordinator
52	Hakim	Cardow	hcardow1f@smh.com.au	https://robohash.org/explicabodoloresdignissimos.png?size=50x50&set=set1	Gaogu	Senior Financial Analyst
53	Jefferson	Oxenford	joxenford1g@oaic.gov.au	https://robohash.org/seditaquequae.png?size=50x50&set=set1	Moshenskoye	Internal Auditor
54	Glyn	Baum	gbaum1h@livejournal.com	https://robohash.org/cupiditateperspiciatisdolorem.png?size=50x50&set=set1	Kybartai	Staff Accountant IV
55	Thorstein	Coales	tcoales1i@marketwatch.com	https://robohash.org/undeconsecteturodit.png?size=50x50&set=set1	Pulautemiang	Professor
56	Tatiana	Wytchard	twytchard1j@xinhuanet.com	https://robohash.org/sapienteconsecteturdignissimos.png?size=50x50&set=set1	San Diego	Database Administrator II
57	Cherri	Riccio	criccio1k@digg.com	https://robohash.org/ametmolestiaeodit.png?size=50x50&set=set1	Odessa	Actuary
58	Alexandra	Redihalgh	aredihalgh1l@php.net	https://robohash.org/nondoloremvoluptas.png?size=50x50&set=set1	Ignalina	Product Engineer
59	Thain	Whelpton	twhelpton1m@multiply.com	https://robohash.org/autdistinctioipsa.png?size=50x50&set=set1	Non Narai	Health Coach I
60	Bren	Wordington	bwordington1n@theglobeandmail.com	https://robohash.org/addoloresfugiat.png?size=50x50&set=set1	Sagarejo	Mechanical Systems Engineer
61	Tailor	Trask	ttrask1o@pinterest.com	https://robohash.org/asintnisi.png?size=50x50&set=set1	Donghoufang	Chief Design Engineer
62	Del	Greenall	dgreenall1p@ebay.com	https://robohash.org/etquiquam.png?size=50x50&set=set1	Erhe	Recruiting Manager
63	Rafi	Stainer	rstainer1q@quantcast.com	https://robohash.org/nonvoluptateid.png?size=50x50&set=set1	Haoxin	Analog Circuit Design manager
64	Brody	Tingcomb	btingcomb1r@bloglovin.com	https://robohash.org/quaeratvoluptateslibero.png?size=50x50&set=set1	Novopokrovka	Design Engineer
65	Corrine	Dingsdale	cdingsdale1s@istockphoto.com	https://robohash.org/fugiatnamdicta.png?size=50x50&set=set1	Milíkov	Administrative Assistant III
66	Gabriele	Vogt	gvogt1t@diigo.com	https://robohash.org/errorautaccusantium.png?size=50x50&set=set1	Wentugaole	Web Developer IV
67	Michel	Wilse	mwilse1u@technorati.com	https://robohash.org/inciduntlaudantiumqui.png?size=50x50&set=set1	Bull Savanna	VP Product Management
68	Herold	Ferney	hferney1v@time.com	https://robohash.org/etetnatus.png?size=50x50&set=set1	Jiezi	Director of Sales
69	Homerus	McKinney	hmckinney1w@usda.gov	https://robohash.org/aliasipsafacere.png?size=50x50&set=set1	Chantepie	Structural Analysis Engineer
70	Olwen	Oddy	ooddy1x@noaa.gov	https://robohash.org/quodexplicabosit.png?size=50x50&set=set1	Burgos	Quality Engineer
71	Saree	Sweetenham	ssweetenham1y@i2i.jp	https://robohash.org/molestiaeimpeditdolor.png?size=50x50&set=set1	Niutang	Director of Sales
72	Cassandry	Loade	cloade1z@hatena.ne.jp	https://robohash.org/suscipitillumofficiis.png?size=50x50&set=set1	Itsukaichi	Human Resources Manager
73	Aloise	Glowinski	aglowinski20@nbcnews.com	https://robohash.org/laboreconsequaturerror.png?size=50x50&set=set1	Montpellier	Quality Control Specialist
74	Law	Longfut	llongfut21@woothemes.com	https://robohash.org/autdebitisin.png?size=50x50&set=set1	Ribas	Environmental Tech
75	Mal	Pifford	mpifford22@nature.com	https://robohash.org/rationeestfuga.png?size=50x50&set=set1	Neftegorsk	Account Representative II
76	Lyn	Kubec	lkubec23@sogou.com	https://robohash.org/laborumvoluptasut.png?size=50x50&set=set1	Jabłonowo Pomorskie	Compensation Analyst
77	Wilmette	Saddleton	wsaddleton24@ning.com	https://robohash.org/oditautaperiam.png?size=50x50&set=set1	Aygeshat	Executive Secretary
78	Ellene	Leneham	eleneham25@sciencedirect.com	https://robohash.org/inventorenatusquas.png?size=50x50&set=set1	Tupaciguara	Desktop Support Technician
79	Emlyn	Corcut	ecorcut26@nbcnews.com	https://robohash.org/suntassumendaiusto.png?size=50x50&set=set1	Sidi Bousber	Web Developer III
80	Madeleine	Drissell	mdrissell27@prnewswire.com	https://robohash.org/etullamquia.png?size=50x50&set=set1	Thanh Ba	Associate Professor
81	Valery	Borrows	vborrows28@forbes.com	https://robohash.org/voluptatumeaquequod.png?size=50x50&set=set1	Wushishi	Administrative Assistant III
82	Jessee	Potts	jpotts29@spiegel.de	https://robohash.org/quiconsequaturrerum.png?size=50x50&set=set1	Gaoliban	Programmer II
83	Zoe	Camelli	zcamelli2a@ask.com	https://robohash.org/iustoquiaet.png?size=50x50&set=set1	Lófos	Occupational Therapist
84	Ebba	Bispo	ebispo2b@house.gov	https://robohash.org/asperiorespossimuseius.png?size=50x50&set=set1	Mainque	Tax Accountant
85	Miner	Tween	mtween2c@cafepress.com	https://robohash.org/doloreaccusantiumrepudiandae.png?size=50x50&set=set1	Agualva de Cima	Senior Cost Accountant
86	Willey	Kingscott	wkingscott2d@sitemeter.com	https://robohash.org/minimanamdignissimos.png?size=50x50&set=set1	Dehang	Director of Sales
87	Lou	Bensusan	lbensusan2e@craigslist.org	https://robohash.org/fugaabaut.png?size=50x50&set=set1	Velasco Ibarra	Paralegal
88	Skyler	Grieg	sgrieg2f@dyndns.org	https://robohash.org/sintquaeratnihil.png?size=50x50&set=set1	Basīrpur	Financial Analyst
89	Bruis	Liddon	bliddon2g@prweb.com	https://robohash.org/namsolutaea.png?size=50x50&set=set1	Moita da Roda	Programmer III
90	Mariellen	Harriday	mharriday2h@vinaora.com	https://robohash.org/sitsedat.png?size=50x50&set=set1	Mao’er	Chemical Engineer
91	Quinn	Prydie	qprydie2i@blog.com	https://robohash.org/possimussuscipitofficia.png?size=50x50&set=set1	Tonoas Municipal Building	Recruiter
92	Emmey	Dyos	edyos2j@rakuten.co.jp	https://robohash.org/esseomnisrepellendus.png?size=50x50&set=set1	Mehmand Chak	Web Designer II
93	Estevan	Roddy	eroddy2k@comcast.net	https://robohash.org/temporevelitblanditiis.png?size=50x50&set=set1	Santa Rosa de Viterbo	Project Manager
94	Christie	Geaney	cgeaney2l@bbc.co.uk	https://robohash.org/natusmagnamet.png?size=50x50&set=set1	Longgao	Programmer Analyst I
95	Fianna	Robken	frobken2m@cdbaby.com	https://robohash.org/occaecatiquaequi.png?size=50x50&set=set1	Lambayong	Programmer II
96	Eula	Grogan	egrogan2n@youtu.be	https://robohash.org/atilloaperiam.png?size=50x50&set=set1	Stanley	Research Nurse
97	Alane	Sothern	asothern2o@booking.com	https://robohash.org/rerumsuntnihil.png?size=50x50&set=set1	Woniuhe	Senior Developer
98	Carla	Riddler	criddler2p@kickstarter.com	https://robohash.org/officiaconsecteturquam.png?size=50x50&set=set1	Rushankou	Civil Engineer
99	Ursola	Olufsen	uolufsen2q@dailymail.co.uk	https://robohash.org/dolorumabnatus.png?size=50x50&set=set1	Duobaoshan	VP Marketing
100	Lucine	Recher	lrecher2r@independent.co.uk	https://robohash.org/doloremqueblanditiisad.png?size=50x50&set=set1	Kubang	Recruiting Manager
101	Duffie	Shears	dshears2s@icq.com	https://robohash.org/iddoloresomnis.png?size=50x50&set=set1	Xingpinglu	Programmer III
102	Gloria	Kidstoun	gkidstoun2t@twitter.com	https://robohash.org/debitisminusaut.png?size=50x50&set=set1	Starobelokurikha	VP Product Management
103	Legra	Cattell	lcattell2u@spiegel.de	https://robohash.org/illumconsequaturquas.png?size=50x50&set=set1	Garden Grove	Operator
104	Burg	Oxlade	boxlade2v@sakura.ne.jp	https://robohash.org/quaeratquisillum.png?size=50x50&set=set1	Majalengka	Registered Nurse
105	Lu	Lively	llively2w@biblegateway.com	https://robohash.org/consequuntureaquibusdam.png?size=50x50&set=set1	Lloqan	Legal Assistant
106	Fernanda	Kidson	fkidson2x@networkadvertising.org	https://robohash.org/ettotamut.png?size=50x50&set=set1	Zaysan	Health Coach I
107	Elfreda	Ahrendsen	eahrendsen2y@eventbrite.com	https://robohash.org/inciduntdistinctioillo.png?size=50x50&set=set1	Tosontsengel	Clinical Specialist
108	Arny	Burhill	aburhill2z@ameblo.jp	https://robohash.org/numquamundesaepe.png?size=50x50&set=set1	Štěnovice	Operator
109	Fernande	Pedgrift	fpedgrift30@usa.gov	https://robohash.org/temporaquiquis.png?size=50x50&set=set1	Kingsey Falls	Director of Sales
110	Hillery	Ryman	hryman31@eventbrite.com	https://robohash.org/veritatisveniamenim.png?size=50x50&set=set1	Tianguá	Systems Administrator IV
111	Kris	Screaton	kscreaton32@scribd.com	https://robohash.org/repellendusnihilrerum.png?size=50x50&set=set1	Hedong	Database Administrator I
112	Winny	Hughes	whughes33@plala.or.jp	https://robohash.org/quietqui.png?size=50x50&set=set1	Real	Speech Pathologist
113	Joel	Gregon	jgregon34@edublogs.org	https://robohash.org/liberoearumfugiat.png?size=50x50&set=set1	Pawłosiów	Accountant IV
114	Abe	Jakobssen	ajakobssen35@cam.ac.uk	https://robohash.org/occaecaticulpaveniam.png?size=50x50&set=set1	Umag	Automation Specialist I
115	Westleigh	Muddicliffe	wmuddicliffe36@github.com	https://robohash.org/aliquamcorporiset.png?size=50x50&set=set1	Pervomaysk	Paralegal
116	Bobbee	Kinny	bkinny37@noaa.gov	https://robohash.org/harumcumdignissimos.png?size=50x50&set=set1	Mendeleyevskiy	Account Coordinator
117	Mateo	Giovanardi	mgiovanardi38@unicef.org	https://robohash.org/asperioresvoluptatemminima.png?size=50x50&set=set1	Ryczów	Electrical Engineer
118	Davina	Bellison	dbellison39@fastcompany.com	https://robohash.org/estidsit.png?size=50x50&set=set1	Boyu	Staff Accountant III
119	Marya	Yashunin	myashunin3a@blog.com	https://robohash.org/modieavelit.png?size=50x50&set=set1	Orekhovo-Zuyevo	Analog Circuit Design manager
120	Onfre	Meletti	omeletti3b@tamu.edu	https://robohash.org/isteminimasint.png?size=50x50&set=set1	Dongfeng	Actuary
121	Carissa	Roullier	croullier3c@bloglovin.com	https://robohash.org/nullaquidemut.png?size=50x50&set=set1	Milwaukee	Product Engineer
122	Catherin	Echalie	cechalie3d@list-manage.com	https://robohash.org/ututea.png?size=50x50&set=set1	Ayteke Bi	Nurse
123	Jacklyn	Kubin	jkubin3e@blogspot.com	https://robohash.org/eositaquevoluptate.png?size=50x50&set=set1	Rancho Nuevo	Director of Sales
124	Keefer	Castanos	kcastanos3f@etsy.com	https://robohash.org/vitaeutquia.png?size=50x50&set=set1	Birātnagar	Account Representative III
125	Riley	Gate	rgate3g@home.pl	https://robohash.org/fugitdebitisquia.png?size=50x50&set=set1	Podosinovets	Social Worker
126	Elmo	Boldison	eboldison3h@nhs.uk	https://robohash.org/facereconsequaturanimi.png?size=50x50&set=set1	Macia	Marketing Manager
127	Kellie	Cavilla	kcavilla3i@yellowpages.com	https://robohash.org/nemoadipisciut.png?size=50x50&set=set1	Liyang	Software Engineer IV
128	Kendal	Bantick	kbantick3j@miibeian.gov.cn	https://robohash.org/dignissimosquiinventore.png?size=50x50&set=set1	Dmytrivka	Physical Therapy Assistant
129	Duky	Quirk	dquirk3k@theguardian.com	https://robohash.org/officiatemporesaepe.png?size=50x50&set=set1	Caçapava	Dental Hygienist
130	Emelia	Hannaway	ehannaway3l@utexas.edu	https://robohash.org/consecteturadmagnam.png?size=50x50&set=set1	Palmas	Administrative Officer
131	Carolynn	Berndtsson	cberndtsson3m@w3.org	https://robohash.org/commodidoloribusnemo.png?size=50x50&set=set1	Pulupandan	Human Resources Manager
132	Evie	Daborn	edaborn3n@baidu.com	https://robohash.org/quiaaliquamvelit.png?size=50x50&set=set1	Martaban	Nurse Practicioner
133	Gloriane	Coleson	gcoleson3o@gov.uk	https://robohash.org/estsapienteet.png?size=50x50&set=set1	Xiache	Staff Accountant II
134	De witt	Rannells	drannells3p@arstechnica.com	https://robohash.org/quiaccusamuseveniet.png?size=50x50&set=set1	Agen	Junior Executive
135	Kristan	Conrath	kconrath3q@vistaprint.com	https://robohash.org/enimdeseruntut.png?size=50x50&set=set1	Zaragoza	Research Assistant II
136	Edgar	Branca	ebranca3r@aol.com	https://robohash.org/rerumcommodiquos.png?size=50x50&set=set1	Lawesigalagala Timur	Legal Assistant
137	Aimil	Wilshere	awilshere3s@usda.gov	https://robohash.org/rerumpossimusarchitecto.png?size=50x50&set=set1	Mulandoro	Research Associate
138	Burke	Reason	breason3t@github.io	https://robohash.org/nemosaepesimilique.png?size=50x50&set=set1	Imperatriz	Quality Engineer
139	Daria	Christofle	dchristofle3u@jalbum.net	https://robohash.org/rerumdoloribushic.png?size=50x50&set=set1	Baucau	Environmental Tech
140	Madeleine	Wenban	mwenban3v@instagram.com	https://robohash.org/etcumnostrum.png?size=50x50&set=set1	Taishang	Editor
141	Quincy	Scibsey	qscibsey3w@paginegialle.it	https://robohash.org/etpraesentiumfugit.png?size=50x50&set=set1	Sanchahe	Accountant IV
142	Nertie	Arlet	narlet3x@deliciousdays.com	https://robohash.org/quodblanditiisaut.png?size=50x50&set=set1	Vélizy-Villacoublay	General Manager
143	Dalila	Elington	delington3y@yolasite.com	https://robohash.org/providentenimquisquam.png?size=50x50&set=set1	Río Sereno	Media Manager II
144	Melisande	Zoellner	mzoellner3z@paginegialle.it	https://robohash.org/quimodimolestiae.png?size=50x50&set=set1	Cabak Satu	Teacher
145	Garvy	Pinyon	gpinyon40@dot.gov	https://robohash.org/nihilinciduntexpedita.png?size=50x50&set=set1	Sammatti	Executive Secretary
146	Kingston	Tomik	ktomik41@google.pl	https://robohash.org/oditdoloremsit.png?size=50x50&set=set1	Otrado-Kubanskoye	VP Accounting
147	Ardeen	Lebrun	alebrun42@alibaba.com	https://robohash.org/cumquebeataedolorem.png?size=50x50&set=set1	Pinara	Human Resources Manager
148	Ali	McCree	amccree43@harvard.edu	https://robohash.org/etporroullam.png?size=50x50&set=set1	Estancia	Pharmacist
149	Gayle	Rodriguez	grodriguez44@parallels.com	https://robohash.org/eumquiquisquam.png?size=50x50&set=set1	Sacramento	Executive Secretary
150	Rozanne	Petrillo	rpetrillo45@sogou.com	https://robohash.org/eumnatusfacere.png?size=50x50&set=set1	Pereyaslav-Khmel’nyts’kyy	Research Nurse
151	Burtie	Jaszczak	bjaszczak46@economist.com	https://robohash.org/eosvoluptatemrecusandae.png?size=50x50&set=set1	Marco	Financial Advisor
152	Phineas	Scarff	pscarff47@etsy.com	https://robohash.org/etvoluptatessed.png?size=50x50&set=set1	Bachowice	Software Test Engineer I
153	Annelise	Jakubowsky	ajakubowsky48@senate.gov	https://robohash.org/molestiasilloet.png?size=50x50&set=set1	Kusak	Social Worker
154	Sindee	Scoffins	sscoffins49@myspace.com	https://robohash.org/placeatdoloreslaborum.png?size=50x50&set=set1	Svetlyy	Analog Circuit Design manager
155	Hyatt	Balaam	hbalaam4a@plala.or.jp	https://robohash.org/laborumvoluptasvoluptatem.png?size=50x50&set=set1	Wukang	Marketing Manager
156	Traci	Dicty	tdicty4b@psu.edu	https://robohash.org/suntnisiaut.png?size=50x50&set=set1	Waitenepang	Internal Auditor
157	Will	Whiles	wwhiles4c@umn.edu	https://robohash.org/repudiandaedoloresperspiciatis.png?size=50x50&set=set1	Lishui	Biostatistician II
158	Rea	Esterbrook	resterbrook4d@hao123.com	https://robohash.org/undedoloresfacilis.png?size=50x50&set=set1	Jagupit	Associate Professor
159	Danya	Cardis	dcardis4e@hubpages.com	https://robohash.org/nihilvoluptatemsunt.png?size=50x50&set=set1	Budapest	Human Resources Assistant III
160	Glenna	Besnardeau	gbesnardeau4f@jimdo.com	https://robohash.org/iurevoluptatemitaque.png?size=50x50&set=set1	Biaokou	Help Desk Operator
161	Rosco	Beggin	rbeggin4g@nifty.com	https://robohash.org/numquamsedqui.png?size=50x50&set=set1	Chirpan	Biostatistician II
162	Forbes	Baitey	fbaitey4h@seesaa.net	https://robohash.org/etconsequunturvelit.png?size=50x50&set=set1	Wang Nam Yen	Editor
163	Lauraine	Bascomb	lbascomb4i@bravesites.com	https://robohash.org/atquedictaquo.png?size=50x50&set=set1	Sucun	Recruiting Manager
164	Bonita	Vyvyan	bvyvyan4j@oakley.com	https://robohash.org/officiisutsed.png?size=50x50&set=set1	Basseterre	Tax Accountant
165	Rubie	Morby	rmorby4k@dailymotion.com	https://robohash.org/doloresquammollitia.png?size=50x50&set=set1	Taznakht	Teacher
166	Eleonore	Trumper	etrumper4l@illinois.edu	https://robohash.org/sedquibusdamodit.png?size=50x50&set=set1	Wan’an	Actuary
167	Wenona	McUre	wmcure4m@boston.com	https://robohash.org/consequaturquodtempore.png?size=50x50&set=set1	Rosario de Mora	Financial Analyst
168	Elane	Farryn	efarryn4n@accuweather.com	https://robohash.org/seddistinctioplaceat.png?size=50x50&set=set1	Hadapu Zhen	Accountant IV
169	Alano	Leith-Harvey	aleithharvey4o@google.co.uk	https://robohash.org/providentofficiamolestiae.png?size=50x50&set=set1	Corvite	Teacher
170	Thacher	Strephan	tstrephan4p@cocolog-nifty.com	https://robohash.org/nequealiasdelectus.png?size=50x50&set=set1	Gaozhou	Sales Representative
171	Carr	Fibbitts	cfibbitts4q@zimbio.com	https://robohash.org/quiquisamet.png?size=50x50&set=set1	Parkent	Administrative Officer
172	Charmian	McHan	cmchan4r@sciencedaily.com	https://robohash.org/undeitaquetenetur.png?size=50x50&set=set1	Fareydūnshahr	Analog Circuit Design manager
173	Dori	Davydoch	ddavydoch4s@boston.com	https://robohash.org/doloremmagninobis.png?size=50x50&set=set1	Ganta	Research Assistant III
174	Silvester	Laxston	slaxston4t@meetup.com	https://robohash.org/explicaboestrerum.png?size=50x50&set=set1	Hobor	Nurse
175	Orsa	Rosenauer	orosenauer4u@gravatar.com	https://robohash.org/quoomnisenim.png?size=50x50&set=set1	Káto Miliá	VP Quality Control
176	Silvie	Deave	sdeave4v@wsj.com	https://robohash.org/perferendisquaenisi.png?size=50x50&set=set1	Guhuai	Software Test Engineer IV
177	Ania	Burch	aburch4w@w3.org	https://robohash.org/quaeipsumcupiditate.png?size=50x50&set=set1	Oslo	Administrative Officer
178	Donny	Clementi	dclementi4x@sun.com	https://robohash.org/sitrecusandaequae.png?size=50x50&set=set1	Sibanicú	Editor
179	Jacques	Few	jfew4y@hubpages.com	https://robohash.org/sintutipsa.png?size=50x50&set=set1	Khombole	VP Product Management
180	Ev	Conboy	econboy4z@un.org	https://robohash.org/autcupiditatevoluptatibus.png?size=50x50&set=set1	Santo António das Areias	Senior Quality Engineer
181	Mill	Dran	mdran50@csmonitor.com	https://robohash.org/aliasdictadelectus.png?size=50x50&set=set1	Lyuboml’	Information Systems Manager
182	Bertie	Maffy	bmaffy51@sfgate.com	https://robohash.org/quisequiab.png?size=50x50&set=set1	Évry	Business Systems Development Analyst
183	Jimmie	McGeown	jmcgeown52@constantcontact.com	https://robohash.org/doloribusinventorevoluptatem.png?size=50x50&set=set1	Aganan	Nuclear Power Engineer
184	Lek	Dearl	ldearl53@noaa.gov	https://robohash.org/cumvoluptatemsint.png?size=50x50&set=set1	Malandag	Data Coordiator
185	Theodosia	Viall	tviall54@yale.edu	https://robohash.org/suscipitconsecteturexcepturi.png?size=50x50&set=set1	Shums’k	VP Quality Control
186	Reeba	Wulfinger	rwulfinger55@nymag.com	https://robohash.org/doloresomniseos.png?size=50x50&set=set1	Krumvíř	Social Worker
187	Wolf	Hawkswood	whawkswood56@adobe.com	https://robohash.org/quisquamestat.png?size=50x50&set=set1	Algueirão	Senior Editor
188	Dana	Grinnell	dgrinnell57@google.ru	https://robohash.org/nihiluttotam.png?size=50x50&set=set1	Mutum Biyu	Information Systems Manager
189	Galven	Cochrane	gcochrane58@liveinternet.ru	https://robohash.org/accusantiumblanditiiscommodi.png?size=50x50&set=set1	Satinka	Computer Systems Analyst III
190	Josefina	Van Merwe	jvanmerwe59@shareasale.com	https://robohash.org/estoptiodolor.png?size=50x50&set=set1	Fonte do Feto	Computer Systems Analyst I
191	Jude	Christoffels	jchristoffels5a@deliciousdays.com	https://robohash.org/itaquesitvoluptatem.png?size=50x50&set=set1	Chang Klang	Account Representative IV
192	Brose	Bergstrand	bbergstrand5b@buzzfeed.com	https://robohash.org/faceresedvoluptate.png?size=50x50&set=set1	Quán Hàu	Web Developer I
193	Ransom	Toth	rtoth5c@hatena.ne.jp	https://robohash.org/cupiditateenimbeatae.png?size=50x50&set=set1	Bokor	Nuclear Power Engineer
194	Tricia	Crowe	tcrowe5d@sina.com.cn	https://robohash.org/eaqueveniampossimus.png?size=50x50&set=set1	Vigan	Financial Advisor
195	Sheila-kathryn	Hans	shans5e@weather.com	https://robohash.org/auttemporibusrepudiandae.png?size=50x50&set=set1	Bloomington	Graphic Designer
196	Julian	Blaver	jblaver5f@spiegel.de	https://robohash.org/quisquameligendiquibusdam.png?size=50x50&set=set1	Houk	Biostatistician III
197	Agatha	Dawney	adawney5g@hostgator.com	https://robohash.org/natusdoloresiste.png?size=50x50&set=set1	Pavlovskiy Posad	Electrical Engineer
198	Ronny	Sandys	rsandys5h@discovery.com	https://robohash.org/reprehenderitestet.png?size=50x50&set=set1	Barra	Software Engineer III
199	Andriette	Fancutt	afancutt5i@dmoz.org	https://robohash.org/facilisevenietadipisci.png?size=50x50&set=set1	Galis	Accountant I
200	Garrick	Fretwell	gfretwell5j@wisc.edu	https://robohash.org/saepedoloribusvoluptas.png?size=50x50&set=set1	Leigu	Legal Assistant
201	Regine	Lethbridge	rlethbridge5k@wired.com	https://robohash.org/teneturtotamamet.png?size=50x50&set=set1	Solotcha	Chief Design Engineer
202	Dyanna	Moohan	dmoohan5l@jimdo.com	https://robohash.org/veritatiscumet.png?size=50x50&set=set1	Kristianstad	Software Consultant
203	Abey	Riha	ariha5m@cmu.edu	https://robohash.org/eosvelitnisi.png?size=50x50&set=set1	Canta	Legal Assistant
204	Collin	Mollene	cmollene5n@adobe.com	https://robohash.org/consequaturimpeditoccaecati.png?size=50x50&set=set1	Madoi	Assistant Manager
205	Kaitlynn	Dorey	kdorey5o@comcast.net	https://robohash.org/etetconsequuntur.png?size=50x50&set=set1	San Marcos de Colón	Health Coach III
206	Christel	Palliser	cpalliser5p@sciencedirect.com	https://robohash.org/aliasminimaminus.png?size=50x50&set=set1	Daleman	Environmental Specialist
207	Rolando	Beards	rbeards5q@elpais.com	https://robohash.org/eareprehenderitdolorum.png?size=50x50&set=set1	Cikaludan	Civil Engineer
208	Ricky	Bukowski	rbukowski5r@issuu.com	https://robohash.org/doloremquepossimuslibero.png?size=50x50&set=set1	Silago	Geologist IV
209	Florinda	Carlet	fcarlet5s@elegantthemes.com	https://robohash.org/voluptatemametharum.png?size=50x50&set=set1	Sepanjang	Software Consultant
210	Matthaeus	Richen	mrichen5t@sbwire.com	https://robohash.org/maximeomnisaut.png?size=50x50&set=set1	Sauce	Graphic Designer
211	Tobe	Stango	tstango5u@wikia.com	https://robohash.org/inciduntistealiquid.png?size=50x50&set=set1	Guan’e	Accountant IV
212	Alisha	Pyecroft	apyecroft5v@themeforest.net	https://robohash.org/quaebeataesuscipit.png?size=50x50&set=set1	Hveragerði	Senior Cost Accountant
213	Jacki	Valek	jvalek5w@nationalgeographic.com	https://robohash.org/distinctioblanditiiset.png?size=50x50&set=set1	Pai do Vento	Assistant Professor
214	Susann	Connell	sconnell5x@cloudflare.com	https://robohash.org/laboriosamdistinctioqui.png?size=50x50&set=set1	Anjie	Project Manager
215	Alfie	Huddleston	ahuddleston5y@jimdo.com	https://robohash.org/autaliquideveniet.png?size=50x50&set=set1	Karak	Analyst Programmer
216	Everett	Kighly	ekighly5z@redcross.org	https://robohash.org/debitisrationeexcepturi.png?size=50x50&set=set1	Bacabal	Junior Executive
217	Britney	Scarman	bscarman60@yandex.ru	https://robohash.org/estquasirerum.png?size=50x50&set=set1	Shreveport	Accounting Assistant I
218	Deanna	Ende	dende61@ow.ly	https://robohash.org/suntitaquequi.png?size=50x50&set=set1	Pingdingshan	Office Assistant II
219	Gerick	Laidler	glaidler62@redcross.org	https://robohash.org/quaeeossapiente.png?size=50x50&set=set1	Takum	Speech Pathologist
220	Hogan	O'Spellissey	hospellissey63@microsoft.com	https://robohash.org/ullamvoluptatemet.png?size=50x50&set=set1	Olhão	Accounting Assistant II
221	Bianka	Eynaud	beynaud64@pagesperso-orange.fr	https://robohash.org/quonatusquae.png?size=50x50&set=set1	Tangjia	Computer Systems Analyst III
222	Corly	Carlet	ccarlet65@g.co	https://robohash.org/eumcommodipariatur.png?size=50x50&set=set1	‘Awartā	Professor
223	Dionis	Delort	ddelort66@symantec.com	https://robohash.org/laudantiumsitsed.png?size=50x50&set=set1	Las Vegas	Legal Assistant
224	Renata	Cassely	rcassely67@gmpg.org	https://robohash.org/nequeenimfacere.png?size=50x50&set=set1	Gvozd	Office Assistant I
225	Bernarr	Detloff	bdetloff68@addthis.com	https://robohash.org/quibusdambeataeanimi.png?size=50x50&set=set1	Fusagasuga	Geological Engineer
226	Ancell	Lynskey	alynskey69@mediafire.com	https://robohash.org/expeditarepellatmaiores.png?size=50x50&set=set1	Daulatpur	Registered Nurse
227	Elsinore	Phipp	ephipp6a@newsvine.com	https://robohash.org/dolorumdelenitiaut.png?size=50x50&set=set1	Saint Aubin	Librarian
228	Elva	Fountian	efountian6b@vk.com	https://robohash.org/earumestquaerat.png?size=50x50&set=set1	Shuanglong	Social Worker
229	Katlin	Cornelis	kcornelis6c@mediafire.com	https://robohash.org/etquisint.png?size=50x50&set=set1	Staré Hradiště	Media Manager III
230	Gretna	Earles	gearles6d@google.it	https://robohash.org/inciduntexpeditacommodi.png?size=50x50&set=set1	Shali	Developer IV
231	Jeffry	Wann	jwann6e@ebay.co.uk	https://robohash.org/repellendusquiaeos.png?size=50x50&set=set1	Ryjewo	Environmental Specialist
232	Frasier	Twort	ftwort6f@sciencedaily.com	https://robohash.org/voluptatesexpeditaquo.png?size=50x50&set=set1	Charlotte	Office Assistant II
233	Maggie	Tomankiewicz	mtomankiewicz6g@seesaa.net	https://robohash.org/adautaliquam.png?size=50x50&set=set1	Mañazo	Analog Circuit Design manager
234	Ario	Beau	abeau6h@sciencedaily.com	https://robohash.org/beataepariaturplaceat.png?size=50x50&set=set1	Adelaide	Marketing Manager
235	Carly	Timlett	ctimlett6i@cloudflare.com	https://robohash.org/consequaturautemvoluptate.png?size=50x50&set=set1	Danirai	Software Engineer I
236	Susette	Riccioppo	sriccioppo6j@clickbank.net	https://robohash.org/corporisestdolores.png?size=50x50&set=set1	Canauay	VP Product Management
237	Eleonora	Capinetti	ecapinetti6k@youtube.com	https://robohash.org/consequaturlaudantiumid.png?size=50x50&set=set1	Zheyuan	Operator
238	Isidore	Firbank	ifirbank6l@illinois.edu	https://robohash.org/ametquiabeatae.png?size=50x50&set=set1	Xiongzhang	Financial Analyst
239	Land	Loughlan	lloughlan6m@biglobe.ne.jp	https://robohash.org/delenitivelquidem.png?size=50x50&set=set1	Grygov	Desktop Support Technician
240	Farrand	Toulamain	ftoulamain6n@istockphoto.com	https://robohash.org/aliquamsuntquidem.png?size=50x50&set=set1	Frösön	Administrative Assistant I
241	Norean	Frontczak	nfrontczak6o@vk.com	https://robohash.org/delenitiadatque.png?size=50x50&set=set1	Naji	Computer Systems Analyst II
242	Lurlene	Hagergham	lhagergham6p@example.com	https://robohash.org/possimusveniamfuga.png?size=50x50&set=set1	Krasnyy Yar	Physical Therapy Assistant
243	Merralee	Kubanek	mkubanek6q@dion.ne.jp	https://robohash.org/utperspiciatisvoluptate.png?size=50x50&set=set1	Guohuan	Health Coach IV
244	Cyndi	Casini	ccasini6r@feedburner.com	https://robohash.org/laborumeaquis.png?size=50x50&set=set1	Hrvace	Actuary
245	Hyacinth	Spaducci	hspaducci6s@nasa.gov	https://robohash.org/odioearumin.png?size=50x50&set=set1	Podgortsy	Registered Nurse
246	Francesca	Arbuckel	farbuckel6t@guardian.co.uk	https://robohash.org/quosquivoluptatum.png?size=50x50&set=set1	Uwa	Budget/Accounting Analyst II
247	Ulrika	MacKain	umackain6u@lulu.com	https://robohash.org/temporaprovidentfacere.png?size=50x50&set=set1	Qixing	Director of Sales
248	Tim	Ormston	tormston6v@wikipedia.org	https://robohash.org/quomagnammaxime.png?size=50x50&set=set1	Shapa	Paralegal
249	Wendie	Canedo	wcanedo6w@nasa.gov	https://robohash.org/blanditiisfuganihil.png?size=50x50&set=set1	Ganzi	Occupational Therapist
250	Karolina	Noor	knoor6x@issuu.com	https://robohash.org/corporisutblanditiis.png?size=50x50&set=set1	Staronizhestebliyevskaya	Recruiter
251	Dayle	Meneghelli	dmeneghelli6y@homestead.com	https://robohash.org/evenietnonenim.png?size=50x50&set=set1	Kibonsod	Occupational Therapist
252	Ron	Brilleman	rbrilleman6z@google.nl	https://robohash.org/distinctioeumquidem.png?size=50x50&set=set1	Kadugannawa	Administrative Assistant IV
253	Guenevere	Murrigans	gmurrigans70@marketwatch.com	https://robohash.org/asperioresmolestiaeeos.png?size=50x50&set=set1	Kozy	Statistician IV
254	Leonid	Kinchley	lkinchley71@deviantart.com	https://robohash.org/quimolestiaesit.png?size=50x50&set=set1	Marintoc	Accountant II
255	Anet	Tinkham	atinkham72@hugedomains.com	https://robohash.org/etlaborequi.png?size=50x50&set=set1	Växjö	Civil Engineer
256	Stephenie	Mingard	smingard73@nba.com	https://robohash.org/ducimusexercitationemassumenda.png?size=50x50&set=set1	Kuznechikha	Senior Cost Accountant
257	Paula	Daal	pdaal74@facebook.com	https://robohash.org/porrovoluptatemeveniet.png?size=50x50&set=set1	Sidonganti	Nurse
258	Garrot	Millier	gmillier75@tuttocitta.it	https://robohash.org/autblanditiisaliquid.png?size=50x50&set=set1	Xiaopu	Software Engineer I
259	Chastity	Vaugham	cvaugham76@wikipedia.org	https://robohash.org/omnisducimuslaudantium.png?size=50x50&set=set1	Dzhebariki-Khaya	Assistant Manager
260	Adriane	Duhig	aduhig77@unicef.org	https://robohash.org/autnobisitaque.png?size=50x50&set=set1	Bataiporã	Programmer IV
261	Shem	Redsell	sredsell78@buzzfeed.com	https://robohash.org/aspernaturveronatus.png?size=50x50&set=set1	Kyustendil	Geologist II
262	Ara	MacConnal	amacconnal79@mapquest.com	https://robohash.org/expeditaullamnumquam.png?size=50x50&set=set1	Gōdo	Senior Quality Engineer
263	Augusto	Glauber	aglauber7a@wiley.com	https://robohash.org/molestiasinventorevoluptate.png?size=50x50&set=set1	Esmeraldas	Editor
264	Juan	Loughney	jloughney7b@acquirethisname.com	https://robohash.org/velitestet.png?size=50x50&set=set1	Quetta	Geological Engineer
265	Maxi	Headrick	mheadrick7c@dailymotion.com	https://robohash.org/sedarchitectosimilique.png?size=50x50&set=set1	Itéa	Tax Accountant
266	Carmelita	Heelis	cheelis7d@weebly.com	https://robohash.org/molestiaedictadolor.png?size=50x50&set=set1	Bang Ban	Geological Engineer
267	Orsola	Revington	orevington7e@hexun.com	https://robohash.org/fugitquaerataspernatur.png?size=50x50&set=set1	Langley	Marketing Assistant
268	Elsey	Frankiss	efrankiss7f@bing.com	https://robohash.org/autminimaquia.png?size=50x50&set=set1	Montpellier	Community Outreach Specialist
269	Chrotoem	Alcorn	calcorn7g@live.com	https://robohash.org/quiaquidemnecessitatibus.png?size=50x50&set=set1	Hallsberg	Software Consultant
270	Raff	Kleimt	rkleimt7h@soup.io	https://robohash.org/debitisinvoluptatem.png?size=50x50&set=set1	Kotes	Accounting Assistant III
271	Winifield	McRorie	wmcrorie7i@barnesandnoble.com	https://robohash.org/suntharumrepudiandae.png?size=50x50&set=set1	Trakan Phut Phon	Pharmacist
272	Rourke	Sandey	rsandey7j@mapquest.com	https://robohash.org/voluptasestcommodi.png?size=50x50&set=set1	Grabovci	Professor
273	Essa	Righy	erighy7k@icq.com	https://robohash.org/voluptatemdolorut.png?size=50x50&set=set1	Namling	Senior Editor
274	Shara	Pinock	spinock7l@huffingtonpost.com	https://robohash.org/inciduntutet.png?size=50x50&set=set1	Tawau	Systems Administrator III
275	Velma	Ferschke	vferschke7m@photobucket.com	https://robohash.org/earumdoloremut.png?size=50x50&set=set1	Somorpenang	Web Developer I
276	Felita	Gatchell	fgatchell7n@cam.ac.uk	https://robohash.org/odioquisomnis.png?size=50x50&set=set1	Orurillo	Structural Analysis Engineer
277	Beverie	Kubecka	bkubecka7o@prlog.org	https://robohash.org/autautquo.png?size=50x50&set=set1	Maoqitun	VP Quality Control
278	Erin	Pirrey	epirrey7p@nasa.gov	https://robohash.org/aliquidateos.png?size=50x50&set=set1	Albufeira	Junior Executive
279	Mort	Landsbury	mlandsbury7q@github.com	https://robohash.org/utquasiest.png?size=50x50&set=set1	Shumikha	Geologist I
280	Almira	Aubury	aaubury7r@over-blog.com	https://robohash.org/doloresinrerum.png?size=50x50&set=set1	Sarlat-la-Canéda	Analyst Programmer
281	Pebrook	Kunkel	pkunkel7s@craigslist.org	https://robohash.org/ethicquisquam.png?size=50x50&set=set1	Ternovka	Professor
282	Aldrich	Wase	awase7t@ca.gov	https://robohash.org/quidemeiusdolorum.png?size=50x50&set=set1	Mabai	Financial Advisor
283	Addie	Youhill	ayouhill7u@elpais.com	https://robohash.org/etmaioreseius.png?size=50x50&set=set1	Isheyevka	Administrative Assistant II
284	Kris	Seccombe	kseccombe7v@is.gd	https://robohash.org/impeditvelitexercitationem.png?size=50x50&set=set1	Nassarawa	Legal Assistant
285	Em	Peto	epeto7w@biblegateway.com	https://robohash.org/consequaturabnemo.png?size=50x50&set=set1	Kroczyce	Pharmacist
286	Otis	Rodinger	orodinger7x@fotki.com	https://robohash.org/voluptatemofficiaea.png?size=50x50&set=set1	Baie-D'Urfé	Structural Analysis Engineer
287	Shanie	Aluard	saluard7y@eventbrite.com	https://robohash.org/nobisoccaecatiarchitecto.png?size=50x50&set=set1	Lugo	Sales Associate
288	Hillier	Kiebes	hkiebes7z@state.gov	https://robohash.org/sinteamaiores.png?size=50x50&set=set1	Shu	Physical Therapy Assistant
289	Bennie	O' Driscoll	bodriscoll80@un.org	https://robohash.org/voluptatemnihilexpedita.png?size=50x50&set=set1	Delaware	Environmental Tech
290	Shelby	Mitkcov	smitkcov81@purevolume.com	https://robohash.org/corruptisolutaaut.png?size=50x50&set=set1	Guangshan	Design Engineer
291	Valaree	Fraczek	vfraczek82@loc.gov	https://robohash.org/accusamusinperspiciatis.png?size=50x50&set=set1	Sumberagung	Assistant Media Planner
292	Sutherland	Abramamov	sabramamov83@google.com.au	https://robohash.org/nostrummaximesint.png?size=50x50&set=set1	Cúa	Food Chemist
293	Dierdre	Videan	dvidean84@wufoo.com	https://robohash.org/veroutiusto.png?size=50x50&set=set1	Mirovice	Software Test Engineer I
294	Therine	Portsmouth	tportsmouth85@geocities.jp	https://robohash.org/iustonesciuntvel.png?size=50x50&set=set1	Lendangara Satu	Director of Sales
295	Benedikta	Mattheis	bmattheis86@mayoclinic.com	https://robohash.org/estatqueunde.png?size=50x50&set=set1	Labnig	Sales Associate
296	Lonni	Reiach	lreiach87@baidu.com	https://robohash.org/idsitvoluptas.png?size=50x50&set=set1	Jaruco	Accounting Assistant IV
297	Jorry	Nudds	jnudds88@goo.ne.jp	https://robohash.org/evenieteamagnam.png?size=50x50&set=set1	Sibulan	Senior Sales Associate
298	Donnie	Trenear	dtrenear89@nifty.com	https://robohash.org/illomolestiasnecessitatibus.png?size=50x50&set=set1	Kalahang	Social Worker
299	Dorolisa	Sprionghall	dsprionghall8a@walmart.com	https://robohash.org/etveniamdolorem.png?size=50x50&set=set1	Diapaga	Financial Advisor
300	Ali	Thumim	athumim8b@studiopress.com	https://robohash.org/atqueeaid.png?size=50x50&set=set1	Changshan	Programmer II
301	Albert	Lodemann	alodemann8c@zimbio.com	https://robohash.org/adipiscimodiest.png?size=50x50&set=set1	Mukhen	Sales Associate
302	Cornelia	Easbie	ceasbie8d@japanpost.jp	https://robohash.org/quinihilquas.png?size=50x50&set=set1	Gorzów Wielkopolski	Structural Analysis Engineer
303	Teddie	Matskiv	tmatskiv8e@squarespace.com	https://robohash.org/dictasapientetempore.png?size=50x50&set=set1	Wenfu	Teacher
304	Antons	O'Caherny	aocaherny8f@ning.com	https://robohash.org/sitsedsuscipit.png?size=50x50&set=set1	Brodnica	Structural Analysis Engineer
305	Daryl	Petrina	dpetrina8g@simplemachines.org	https://robohash.org/etatqueiste.png?size=50x50&set=set1	Sedinginan	Statistician II
306	Rea	Lovell	rlovell8h@delicious.com	https://robohash.org/quiaeossoluta.png?size=50x50&set=set1	Qingshi	Web Designer I
307	Amaleta	Coopland	acoopland8i@msn.com	https://robohash.org/velitetdolore.png?size=50x50&set=set1	Chahe	Analog Circuit Design manager
308	Hobard	Lathleiff	hlathleiff8j@addthis.com	https://robohash.org/utquamsit.png?size=50x50&set=set1	Rifu	Recruiting Manager
309	Katrina	Klaassens	kklaassens8k@gov.uk	https://robohash.org/eosadipisciut.png?size=50x50&set=set1	Loma Bonita	Administrative Assistant IV
310	Hubert	Tretter	htretter8l@myspace.com	https://robohash.org/velitincommodi.png?size=50x50&set=set1	Tall Ḩamīs	Statistician I
311	Marsha	Dunne	mdunne8m@google.com	https://robohash.org/quialiquamcorrupti.png?size=50x50&set=set1	Alae	Business Systems Development Analyst
312	Giustino	Titley	gtitley8n@walmart.com	https://robohash.org/ullammagniquam.png?size=50x50&set=set1	Sacapulas	GIS Technical Architect
313	Lawrence	Toping	ltoping8o@meetup.com	https://robohash.org/oditlaborumvoluptas.png?size=50x50&set=set1	Suphan Buri	Data Coordiator
314	Gustavus	Shutt	gshutt8p@so-net.ne.jp	https://robohash.org/sedmagniet.png?size=50x50&set=set1	Verkhovyna	Nurse
315	Ulrike	Wrightham	uwrightham8q@timesonline.co.uk	https://robohash.org/esteaad.png?size=50x50&set=set1	Besukrejo	Administrative Assistant I
316	Chester	Gallie	cgallie8r@cpanel.net	https://robohash.org/siteiusin.png?size=50x50&set=set1	København	Registered Nurse
317	Aurora	Sheehan	asheehan8s@artisteer.com	https://robohash.org/laborumadut.png?size=50x50&set=set1	Periyiáli	Electrical Engineer
318	Abba	Pellissier	apellissier8t@dailymail.co.uk	https://robohash.org/harumautin.png?size=50x50&set=set1	Zhiqu	Civil Engineer
319	Olvan	Brooksbie	obrooksbie8u@springer.com	https://robohash.org/autmolestiaesit.png?size=50x50&set=set1	Malkā	Media Manager II
320	Grete	Facey	gfacey8v@exblog.jp	https://robohash.org/mollitiavoluptatemautem.png?size=50x50&set=set1	Korets’	Software Consultant
321	Eva	Beaven	ebeaven8w@hc360.com	https://robohash.org/commodivoluptatesillo.png?size=50x50&set=set1	Fosca	GIS Technical Architect
322	Ron	Glowinski	rglowinski8x@bbb.org	https://robohash.org/saepeetitaque.png?size=50x50&set=set1	Pursat	Design Engineer
323	Willamina	Yukhnov	wyukhnov8y@goo.ne.jp	https://robohash.org/illomolestiaedolores.png?size=50x50&set=set1	Paris 10	Research Assistant IV
324	Cozmo	Iannuzzi	ciannuzzi8z@hud.gov	https://robohash.org/mollitiaprovidentcorporis.png?size=50x50&set=set1	Lianpeng	Recruiting Manager
325	Ira	Dunlap	idunlap90@slideshare.net	https://robohash.org/uteligendiquo.png?size=50x50&set=set1	Alae	Business Systems Development Analyst
326	Rafaela	Gentsch	rgentsch91@tripadvisor.com	https://robohash.org/explicabovelitquia.png?size=50x50&set=set1	Prupuh	Senior Editor
327	Farley	Cushion	fcushion92@chron.com	https://robohash.org/etaliasminus.png?size=50x50&set=set1	Orlovo	Senior Quality Engineer
328	Natty	Alsop	nalsop93@flickr.com	https://robohash.org/omnisrecusandaeullam.png?size=50x50&set=set1	Muarabadak	Financial Advisor
329	Dori	Hacaud	dhacaud94@newyorker.com	https://robohash.org/minusdoloroptio.png?size=50x50&set=set1	Da’an	Chemical Engineer
330	Reynolds	Barriball	rbarriball95@mysql.com	https://robohash.org/similiquehicadipisci.png?size=50x50&set=set1	Jiaqiao	Engineer II
331	Joseito	Sleford	jsleford96@cnet.com	https://robohash.org/velnobismagni.png?size=50x50&set=set1	Sangatta	Accounting Assistant I
332	Riobard	Trayhorn	rtrayhorn97@house.gov	https://robohash.org/faceresitprovident.png?size=50x50&set=set1	Fatufaun	Biostatistician I
333	Aaren	Rapson	arapson98@house.gov	https://robohash.org/quidemassumendadeleniti.png?size=50x50&set=set1	Esquipulas Palo Gordo	Software Test Engineer III
334	Wildon	Albasiny	walbasiny99@noaa.gov	https://robohash.org/etoptiofacilis.png?size=50x50&set=set1	Rowokangkung	Pharmacist
335	Charlton	Glisenan	cglisenan9a@wikia.com	https://robohash.org/doloresestest.png?size=50x50&set=set1	Nyrob	Financial Analyst
336	Lockwood	Giacovazzo	lgiacovazzo9b@mtv.com	https://robohash.org/optioveniamminima.png?size=50x50&set=set1	Thung Song	Administrative Officer
337	Carmella	Mableson	cmableson9c@vinaora.com	https://robohash.org/quasiestillo.png?size=50x50&set=set1	Porto-Novo	Research Nurse
338	Melodee	Wysome	mwysome9d@csmonitor.com	https://robohash.org/verosedtotam.png?size=50x50&set=set1	Zevgolateió	Help Desk Operator
339	Hal	Hutable	hhutable9e@hostgator.com	https://robohash.org/idcummagnam.png?size=50x50&set=set1	Sirnasari	Cost Accountant
340	Margarete	Mulqueeny	mmulqueeny9f@dmoz.org	https://robohash.org/odioducimusvoluptas.png?size=50x50&set=set1	Diekirch	GIS Technical Architect
341	Ambros	Schanke	aschanke9g@youku.com	https://robohash.org/repudiandaedebitisconsequatur.png?size=50x50&set=set1	Vũng Tàu	VP Product Management
342	Berrie	Tarbox	btarbox9h@si.edu	https://robohash.org/idetculpa.png?size=50x50&set=set1	Opi	Project Manager
343	Shirlee	Marzelle	smarzelle9i@squarespace.com	https://robohash.org/ametvoluptatibusnobis.png?size=50x50&set=set1	Gaojiazhuang	Senior Financial Analyst
344	Deane	Haughey	dhaughey9j@seattletimes.com	https://robohash.org/eaexplicaboperspiciatis.png?size=50x50&set=set1	Andamui	Assistant Professor
345	Sherwin	Stokey	sstokey9k@joomla.org	https://robohash.org/eosetiste.png?size=50x50&set=set1	Laguna	Help Desk Technician
346	Anatol	Antoniottii	aantoniottii9l@github.io	https://robohash.org/aliasquiest.png?size=50x50&set=set1	Ciudad Choluteca	Junior Executive
347	Hugo	Silverthorn	hsilverthorn9m@sina.com.cn	https://robohash.org/temporanonsint.png?size=50x50&set=set1	Heliconia	Community Outreach Specialist
348	Beatriz	Grane	bgrane9n@uiuc.edu	https://robohash.org/quiafugitprovident.png?size=50x50&set=set1	Pasirmukti	Paralegal
349	Germain	Lyptrit	glyptrit9o@printfriendly.com	https://robohash.org/providentdeseruntnecessitatibus.png?size=50x50&set=set1	Abdurahmoni Jomí	Professor
350	Paolina	Klugel	pklugel9p@google.co.uk	https://robohash.org/estexercitationemdolores.png?size=50x50&set=set1	Atlanta	Quality Control Specialist
351	Felisha	Mountford	fmountford9q@google.ru	https://robohash.org/ipsaetpraesentium.png?size=50x50&set=set1	Djibouti	Budget/Accounting Analyst III
352	Mahmoud	Alkins	malkins9r@answers.com	https://robohash.org/undeconsecteturconsequatur.png?size=50x50&set=set1	Mekarsari	Clinical Specialist
353	Shay	Jaram	sjaram9s@yelp.com	https://robohash.org/etipsamnam.png?size=50x50&set=set1	Uppsala	Computer Systems Analyst I
354	Elonore	Beckerleg	ebeckerleg9t@auda.org.au	https://robohash.org/sedvoluptatesnisi.png?size=50x50&set=set1	Pärnu-Jaagupi	Systems Administrator II
355	Jenine	Hutcheson	jhutcheson9u@quantcast.com	https://robohash.org/iustosuntad.png?size=50x50&set=set1	Xuedian	Senior Financial Analyst
356	Tatiania	Muccino	tmuccino9v@ezinearticles.com	https://robohash.org/etblanditiisarchitecto.png?size=50x50&set=set1	Eindhoven	Health Coach IV
357	Kin	Jersh	kjersh9w@ow.ly	https://robohash.org/etetdolore.png?size=50x50&set=set1	Bailai	Assistant Manager
358	Audrey	Pyett	apyett9x@unesco.org	https://robohash.org/officiisrecusandaeex.png?size=50x50&set=set1	Yuquan	Research Assistant I
359	Bess	Skillern	bskillern9y@twitter.com	https://robohash.org/estassumendavoluptate.png?size=50x50&set=set1	Trincomalee	Social Worker
360	Justinn	Fardell	jfardell9z@google.com.hk	https://robohash.org/voluptatibusplaceateaque.png?size=50x50&set=set1	Tuusula	Technical Writer
361	Marline	MacCaughan	mmaccaughana0@4shared.com	https://robohash.org/sitvoluptasiusto.png?size=50x50&set=set1	Stará Paka	GIS Technical Architect
362	Sharona	Cosans	scosansa1@eepurl.com	https://robohash.org/cumdoloremoccaecati.png?size=50x50&set=set1	Perpignan	Marketing Manager
363	Adams	Gotthard.sf	agotthardsfa2@themeforest.net	https://robohash.org/distinctioaliquamfugit.png?size=50x50&set=set1	Shijing	Registered Nurse
364	Frederigo	Tomaselli	ftomasellia3@umn.edu	https://robohash.org/repudiandaequamomnis.png?size=50x50&set=set1	Zhuting	Environmental Specialist
365	Lonnie	MacCague	lmaccaguea4@seattletimes.com	https://robohash.org/illummolestiaeharum.png?size=50x50&set=set1	Boulder	Payment Adjustment Coordinator
366	Frederique	Sherwell	fsherwella5@tiny.cc	https://robohash.org/commodinequequi.png?size=50x50&set=set1	Ra-ngae	VP Marketing
367	Tildy	Chesson	tchessona6@utexas.edu	https://robohash.org/sitipsumquibusdam.png?size=50x50&set=set1	Sargatskoye	Nuclear Power Engineer
368	Langston	O'Dee	lodeea7@nps.gov	https://robohash.org/placeatautipsa.png?size=50x50&set=set1	Karangintan	VP Accounting
369	Donaugh	Lillow	dlillowa8@list-manage.com	https://robohash.org/automnisaccusamus.png?size=50x50&set=set1	Ōmagari	Help Desk Technician
370	Danita	Janssens	djanssensa9@uol.com.br	https://robohash.org/enimvoluptatemid.png?size=50x50&set=set1	Mashiko	Tax Accountant
371	Towney	Baine	tbaineaa@fda.gov	https://robohash.org/velhicillo.png?size=50x50&set=set1	Hats’avan	Business Systems Development Analyst
372	Cilka	Elnaugh	celnaughab@wordpress.org	https://robohash.org/nemorationelaboriosam.png?size=50x50&set=set1	Pasian	Chief Design Engineer
373	Mariette	McTurlough	mmcturloughac@tripod.com	https://robohash.org/nemoetomnis.png?size=50x50&set=set1	Molochnoye	Software Engineer II
374	Matty	Scales	mscalesad@acquirethisname.com	https://robohash.org/officiaesseaspernatur.png?size=50x50&set=set1	Sala	Sales Associate
375	Elsey	Shawcroft	eshawcroftae@friendfeed.com	https://robohash.org/perferendisquisquae.png?size=50x50&set=set1	Wangcun	Data Coordiator
376	Cindra	Allnatt	callnattaf@meetup.com	https://robohash.org/aliasomnisaspernatur.png?size=50x50&set=set1	Nanyang	Tax Accountant
377	Eleonora	Jayme	ejaymeag@51.la	https://robohash.org/autminimaoccaecati.png?size=50x50&set=set1	Pizhanka	Programmer II
378	Barbie	Timby	btimbyah@wunderground.com	https://robohash.org/suntquiaet.png?size=50x50&set=set1	Cuihuangkou	Computer Systems Analyst III
379	Maisie	Poynser	mpoynserai@chicagotribune.com	https://robohash.org/namtemporadignissimos.png?size=50x50&set=set1	Kebunan	Senior Financial Analyst
380	Siobhan	Hillaby	shillabyaj@bluehost.com	https://robohash.org/exercitationemofficiiset.png?size=50x50&set=set1	Seka	Safety Technician I
381	Greg	Nanelli	gnanelliak@yahoo.com	https://robohash.org/aperiamtemporibusmolestiae.png?size=50x50&set=set1	Barreirinhas	Senior Quality Engineer
382	Alexis	Flasby	aflasbyal@narod.ru	https://robohash.org/doloribusvoluptatesnulla.png?size=50x50&set=set1	Yong’an	Community Outreach Specialist
383	Yoshi	Duckerin	yduckerinam@amazon.de	https://robohash.org/sapientevoluptatumdelectus.png?size=50x50&set=set1	Nancha	Teacher
384	Christy	Toplin	ctoplinan@booking.com	https://robohash.org/quietsaepe.png?size=50x50&set=set1	Pho Si Suwan	Compensation Analyst
385	Gordie	Macias	gmaciasao@columbia.edu	https://robohash.org/consequaturnonest.png?size=50x50&set=set1	Ordzhonikidzevskiy	Structural Engineer
386	Rayna	Cobley	rcobleyap@washingtonpost.com	https://robohash.org/corruptialiasimpedit.png?size=50x50&set=set1	Johor Bahru	Senior Financial Analyst
387	Cullan	Cuttle	ccuttleaq@fastcompany.com	https://robohash.org/illorerumesse.png?size=50x50&set=set1	Barra do Piraí	Financial Advisor
388	Lusa	Cumesky	lcumeskyar@discovery.com	https://robohash.org/aliasdoloremvelit.png?size=50x50&set=set1	Cangchang	Physical Therapy Assistant
389	Holli	Fellenor	hfellenoras@w3.org	https://robohash.org/sintconsequaturlaudantium.png?size=50x50&set=set1	Psevdás	Tax Accountant
390	Francoise	Maslen	fmaslenat@whitehouse.gov	https://robohash.org/eaquecumoccaecati.png?size=50x50&set=set1	Zuhu	Operator
391	Ambur	Hurton	ahurtonau@census.gov	https://robohash.org/nesciuntsapienteomnis.png?size=50x50&set=set1	Kolonnawa	Media Manager I
392	Selle	Francois	sfrancoisav@archive.org	https://robohash.org/maximeoditanimi.png?size=50x50&set=set1	Kičevo	Nurse Practicioner
393	Augusta	Esom	aesomaw@ucoz.ru	https://robohash.org/ipsumadipiscinesciunt.png?size=50x50&set=set1	Nacaome	Social Worker
394	Kale	Lippitt	klippittax@chronoengine.com	https://robohash.org/sitindolor.png?size=50x50&set=set1	Zhaixi	Structural Engineer
395	Tome	Wethers	twethersay@issuu.com	https://robohash.org/laboremaximemolestiae.png?size=50x50&set=set1	Rudolfov	Occupational Therapist
396	Brandea	Castagne	bcastagneaz@irs.gov	https://robohash.org/oditcumipsa.png?size=50x50&set=set1	Gort	Systems Administrator I
397	Aurel	O'Regan	aoreganb0@artisteer.com	https://robohash.org/eaundedoloremque.png?size=50x50&set=set1	Huangjiazhai	Chemical Engineer
398	Kit	Maharg	kmahargb1@sourceforge.net	https://robohash.org/quiarepellatea.png?size=50x50&set=set1	Troitskoye	Programmer I
399	Heidi	Prozillo	hprozillob2@a8.net	https://robohash.org/quamdolorempariatur.png?size=50x50&set=set1	Kaišiadorys	Environmental Tech
400	Darnell	McMechan	dmcmechanb3@dmoz.org	https://robohash.org/rerumillocommodi.png?size=50x50&set=set1	Cinyumput	GIS Technical Architect
401	Kathlin	Burling	kburlingb4@nyu.edu	https://robohash.org/consequaturnostrumpariatur.png?size=50x50&set=set1	Gowurdak	Clinical Specialist
402	Alexi	Dews	adewsb5@google.com.br	https://robohash.org/autemquiminus.png?size=50x50&set=set1	Diwopu	Developer II
403	Baron	Bruggen	bbruggenb6@about.me	https://robohash.org/suntvoluptatemminima.png?size=50x50&set=set1	Nova Friburgo	Help Desk Technician
404	Janis	Vany	jvanyb7@hostgator.com	https://robohash.org/illumaccusantiumfugiat.png?size=50x50&set=set1	Fucheng	Research Nurse
405	Tristan	Allsepp	tallseppb8@reddit.com	https://robohash.org/rerumeatempore.png?size=50x50&set=set1	Wadusari	Nurse Practicioner
406	Trudie	Harrison	tharrisonb9@wikispaces.com	https://robohash.org/voluptatemquisquamnesciunt.png?size=50x50&set=set1	Susaki	Help Desk Technician
407	Bernadina	Amos	bamosba@istockphoto.com	https://robohash.org/recusandaeullamvel.png?size=50x50&set=set1	Yangpu	Administrative Assistant II
408	Heddi	Brumwell	hbrumwellbb@sun.com	https://robohash.org/molestiaesuscipitconsectetur.png?size=50x50&set=set1	Kabardinka	Structural Engineer
409	Coral	Dodamead	cdodameadbc@github.com	https://robohash.org/quasetquam.png?size=50x50&set=set1	Patrol	Actuary
410	Rhonda	McGannon	rmcgannonbd@sphinn.com	https://robohash.org/enimteneturassumenda.png?size=50x50&set=set1	Kaloyanovo	Computer Systems Analyst I
411	Eveleen	Gowar	egowarbe@delicious.com	https://robohash.org/quaerattemporeimpedit.png?size=50x50&set=set1	Tianyu	Account Coordinator
412	Chloris	MacIntosh	cmacintoshbf@mozilla.com	https://robohash.org/maximequiaet.png?size=50x50&set=set1	Stockholm	Financial Advisor
413	Eloisa	Ruddoch	eruddochbg@fastcompany.com	https://robohash.org/quamvoluptatibusdolor.png?size=50x50&set=set1	Permas	Cost Accountant
414	Erastus	Heersma	eheersmabh@arstechnica.com	https://robohash.org/vitaequiqui.png?size=50x50&set=set1	Yinjiang	Systems Administrator IV
415	Cole	Varley	cvarleybi@wunderground.com	https://robohash.org/illominimaipsam.png?size=50x50&set=set1	Niujiang	Associate Professor
416	Eyde	Minifie	eminifiebj@webnode.com	https://robohash.org/fuganequequia.png?size=50x50&set=set1	Vales	Operator
417	Talya	Estevez	testevezbk@wired.com	https://robohash.org/omnisautmagnam.png?size=50x50&set=set1	Kovilj	Speech Pathologist
418	Nehemiah	Vereker	nverekerbl@com.com	https://robohash.org/itaquearchitectoet.png?size=50x50&set=set1	Västra Frölunda	Statistician II
419	Ivonne	Bolino	ibolinobm@washington.edu	https://robohash.org/quialiasvelit.png?size=50x50&set=set1	Jimeta	Technical Writer
420	Truda	Jowers	tjowersbn@merriam-webster.com	https://robohash.org/delenitiporrovel.png?size=50x50&set=set1	Amarillo	Computer Systems Analyst IV
421	Gauthier	Goreway	ggorewaybo@trellian.com	https://robohash.org/quoomnisassumenda.png?size=50x50&set=set1	Krajan	Analyst Programmer
422	Goldy	Bea	gbeabp@whitehouse.gov	https://robohash.org/temporibusutsed.png?size=50x50&set=set1	Zabaykal’sk	Project Manager
423	Alfy	Swinley	aswinleybq@squarespace.com	https://robohash.org/quasdoloremdicta.png?size=50x50&set=set1	Dongchen	Programmer II
424	Leopold	Karleman	lkarlemanbr@ucoz.ru	https://robohash.org/cumquiet.png?size=50x50&set=set1	Muyuzi	Administrative Officer
425	Ivan	Mitten	imittenbs@domainmarket.com	https://robohash.org/sintvoluptatibustenetur.png?size=50x50&set=set1	Comrat	Associate Professor
426	Artemis	Scotland	ascotlandbt@webs.com	https://robohash.org/voluptatemperferendismagni.png?size=50x50&set=set1	Sigay	Recruiter
427	Neddie	Robins	nrobinsbu@admin.ch	https://robohash.org/evenietnihilut.png?size=50x50&set=set1	Sá	Design Engineer
428	Brenden	Evison	bevisonbv@smh.com.au	https://robohash.org/quodoloressuscipit.png?size=50x50&set=set1	Shaowu	Recruiting Manager
429	Rozalin	Bennoe	rbennoebw@ted.com	https://robohash.org/rationeveniamaccusamus.png?size=50x50&set=set1	Gore	Health Coach IV
430	Barnebas	Cuel	bcuelbx@java.com	https://robohash.org/officiismolestiasquaerat.png?size=50x50&set=set1	Jämsänkoski	Editor
431	Willyt	Nelmes	wnelmesby@pinterest.com	https://robohash.org/doloremquideleniti.png?size=50x50&set=set1	Saint-Gratien	Editor
432	Lorianna	Palle	lpallebz@google.ru	https://robohash.org/aliquamrerumipsum.png?size=50x50&set=set1	Oslo	Health Coach II
433	Livvy	Satterthwaite	lsatterthwaitec0@pbs.org	https://robohash.org/laboriosamdistinctionihil.png?size=50x50&set=set1	Bulbul	Nuclear Power Engineer
434	Janey	Feathers	jfeathersc1@qq.com	https://robohash.org/natusrecusandaeut.png?size=50x50&set=set1	Boa Viagem	VP Marketing
435	Forrest	Tween	ftweenc2@skype.com	https://robohash.org/enimnisiea.png?size=50x50&set=set1	Munkedal	Senior Financial Analyst
436	Josepha	Glason	jglasonc3@utexas.edu	https://robohash.org/itaquemaioresoccaecati.png?size=50x50&set=set1	Mayanhe	Pharmacist
437	Starla	Eccleshare	secclesharec4@examiner.com	https://robohash.org/quiquiaenim.png?size=50x50&set=set1	Salinas	Research Nurse
438	Taber	Burthom	tburthomc5@va.gov	https://robohash.org/quisquamexercitationemdoloremque.png?size=50x50&set=set1	Moijabana	Biostatistician II
439	Pace	Strickett	pstrickettc6@usa.gov	https://robohash.org/quisquametest.png?size=50x50&set=set1	Barrī ash Sharqī	Senior Financial Analyst
440	Marice	Ancketill	mancketillc7@seattletimes.com	https://robohash.org/aspernaturutmagni.png?size=50x50&set=set1	Jinchang	Geological Engineer
441	Cooper	Remmers	cremmersc8@cnbc.com	https://robohash.org/quietmolestiae.png?size=50x50&set=set1	Yisuhe	Account Representative III
442	Timothee	Varndell	tvarndellc9@histats.com	https://robohash.org/placeatomnisquaerat.png?size=50x50&set=set1	Agoo	Software Consultant
443	Husain	Handsheart	hhandsheartca@newsvine.com	https://robohash.org/inciduntarchitectoest.png?size=50x50&set=set1	Saint Catherine	Director of Sales
444	Alejandra	Edinborough	aedinboroughcb@cnbc.com	https://robohash.org/quiaanimivel.png?size=50x50&set=set1	Dukuh	Web Designer III
445	Shae	Guillerman	sguillermancc@sbwire.com	https://robohash.org/natusvelsimilique.png?size=50x50&set=set1	Nālchiti	Web Developer III
446	Lotty	Koenraad	lkoenraadcd@ow.ly	https://robohash.org/animisapienterecusandae.png?size=50x50&set=set1	Wa’erma	Speech Pathologist
447	Rees	Kennington	rkenningtonce@t.co	https://robohash.org/minimalaboriosamnam.png?size=50x50&set=set1	Andir	Marketing Manager
448	Charlton	Thirlaway	cthirlawaycf@soundcloud.com	https://robohash.org/sitrerumomnis.png?size=50x50&set=set1	Pejibaye	Teacher
449	Roger	Dows	rdowscg@pcworld.com	https://robohash.org/voluptasveritatisdoloribus.png?size=50x50&set=set1	Qarqīn	Accounting Assistant II
450	Briney	Gregan	bgreganch@jigsy.com	https://robohash.org/nesciunteiusmolestiae.png?size=50x50&set=set1	Pakuranga	Junior Executive
451	Gabie	Sibley	gsibleyci@mtv.com	https://robohash.org/exillumminus.png?size=50x50&set=set1	Yuncao	Help Desk Technician
452	Rose	Sedgeworth	rsedgeworthcj@phpbb.com	https://robohash.org/voluptassaepeexcepturi.png?size=50x50&set=set1	Sawahan	Help Desk Technician
453	Jolynn	Wiley	jwileyck@facebook.com	https://robohash.org/doloremeligendisapiente.png?size=50x50&set=set1	Kuragaki-kosugi	Quality Control Specialist
454	Rodd	Jeannel	rjeannelcl@paginegialle.it	https://robohash.org/porromolestiaealiquam.png?size=50x50&set=set1	Zaječí	Assistant Professor
455	Theodosia	Rosenqvist	trosenqvistcm@zimbio.com	https://robohash.org/autconsequaturodit.png?size=50x50&set=set1	Rancho Viejo	Developer IV
456	Marillin	Gahan	mgahancn@weebly.com	https://robohash.org/atqueutvelit.png?size=50x50&set=set1	Tangub	VP Accounting
457	Jessie	Whittuck	jwhittuckco@alibaba.com	https://robohash.org/utiurevel.png?size=50x50&set=set1	Klina	Account Representative I
458	Edwin	Pudden	epuddencp@timesonline.co.uk	https://robohash.org/illumrecusandaemolestiae.png?size=50x50&set=set1	Sucre	Health Coach IV
459	Marjorie	Leydon	mleydoncq@blogtalkradio.com	https://robohash.org/commodimodienim.png?size=50x50&set=set1	Paris 09	Junior Executive
460	Esdras	Pelerin	epelerincr@cmu.edu	https://robohash.org/cupiditateestblanditiis.png?size=50x50&set=set1	Camalote	Data Coordiator
461	Findlay	Bullocke	fbullockecs@php.net	https://robohash.org/etdignissimosporro.png?size=50x50&set=set1	São Pedro	Staff Scientist
462	Imogen	Barling	ibarlingct@aboutads.info	https://robohash.org/doloresomnisquos.png?size=50x50&set=set1	San Marcos	Paralegal
463	Claresta	La Wille	clawillecu@discuz.net	https://robohash.org/doloresutoccaecati.png?size=50x50&set=set1	Tsurib	Registered Nurse
464	Myriam	Swannell	mswannellcv@hp.com	https://robohash.org/omnissedexercitationem.png?size=50x50&set=set1	Penedono	Accounting Assistant II
465	Griffith	Rubinowitch	grubinowitchcw@dmoz.org	https://robohash.org/etrationeut.png?size=50x50&set=set1	San Antonio Oeste	Business Systems Development Analyst
466	Griffin	Boulsher	gboulshercx@surveymonkey.com	https://robohash.org/accusantiumcumquedeserunt.png?size=50x50&set=set1	Kalayemule	Software Test Engineer I
467	Neill	Branchflower	nbranchflowercy@nature.com	https://robohash.org/sitsitdicta.png?size=50x50&set=set1	Bangan-Oda	Media Manager II
468	Jemima	Beebee	jbeebeecz@apple.com	https://robohash.org/quodquisaccusamus.png?size=50x50&set=set1	Yangying	General Manager
469	Matias	Perico	mpericod0@aol.com	https://robohash.org/remquisomnis.png?size=50x50&set=set1	Šentilj v Slov. Goricah	Design Engineer
470	Mabel	Hayman	mhaymand1@craigslist.org	https://robohash.org/accusamusexercitationemnumquam.png?size=50x50&set=set1	Sangallaya	Senior Cost Accountant
471	Gelya	Lovewell	glovewelld2@dyndns.org	https://robohash.org/repellendusesteligendi.png?size=50x50&set=set1	Huimin	Compensation Analyst
472	Nigel	Llewellen	nllewellend3@meetup.com	https://robohash.org/nequeametimpedit.png?size=50x50&set=set1	Xuyong	Administrative Assistant II
473	Trina	Arrault	tarraultd4@sfgate.com	https://robohash.org/nisiprovidentet.png?size=50x50&set=set1	Markaz-e Woluswalī-ye Āchīn	Senior Cost Accountant
474	Abagael	Woodus	awoodusd5@quantcast.com	https://robohash.org/autemlaboreeaque.png?size=50x50&set=set1	Boychinovtsi	Software Engineer III
475	Shari	Feaviour	sfeaviourd6@fda.gov	https://robohash.org/etvoluptatessaepe.png?size=50x50&set=set1	Nedašov	VP Marketing
476	Lamont	Daniello	ldaniellod7@123-reg.co.uk	https://robohash.org/quoquisquas.png?size=50x50&set=set1	Hepang	Analyst Programmer
477	Maxim	Tacon	mtacond8@tamu.edu	https://robohash.org/quibusdamquaenatus.png?size=50x50&set=set1	Pakapasan Ilir	Food Chemist
478	Staffard	Macak	smacakd9@histats.com	https://robohash.org/repellatdoloremipsum.png?size=50x50&set=set1	Sausa	Environmental Tech
479	Ursulina	Dumbreck	udumbreckda@surveymonkey.com	https://robohash.org/utofficiaexercitationem.png?size=50x50&set=set1	Rymanów	Office Assistant III
480	Ileana	Schustl	ischustldb@prlog.org	https://robohash.org/quisutsit.png?size=50x50&set=set1	Lucheng	VP Quality Control
481	Sydelle	Eastridge	seastridgedc@sitemeter.com	https://robohash.org/etexcepturiut.png?size=50x50&set=set1	Maardu	Registered Nurse
482	Zacherie	Plet	zpletdd@howstuffworks.com	https://robohash.org/nonnemofacere.png?size=50x50&set=set1	Schirmeck	VP Quality Control
483	Lorelei	Sommerscales	lsommerscalesde@ifeng.com	https://robohash.org/aliquidexercitationemdolorem.png?size=50x50&set=set1	Stockholm	Help Desk Operator
484	Addy	Chesters	achestersdf@canalblog.com	https://robohash.org/enimetet.png?size=50x50&set=set1	Baima	Recruiting Manager
485	Barbara	Plante	bplantedg@slideshare.net	https://robohash.org/autlaboriosamtenetur.png?size=50x50&set=set1	Xinzhaiping	Chief Design Engineer
486	Elbert	Golborne	egolbornedh@npr.org	https://robohash.org/praesentiumfacilisimpedit.png?size=50x50&set=set1	Qinā	Research Nurse
487	Damon	Cartmer	dcartmerdi@github.io	https://robohash.org/sintautemest.png?size=50x50&set=set1	Rive-de-Gier	Staff Accountant III
488	Talbert	Creighton	tcreightondj@i2i.jp	https://robohash.org/liberonatuset.png?size=50x50&set=set1	Zürich	Programmer Analyst II
489	Edie	Torbard	etorbarddk@rambler.ru	https://robohash.org/doloressolutaullam.png?size=50x50&set=set1	Sūq Şirwāḩ	Administrative Officer
490	Dorothy	Sutherley	dsutherleydl@amazon.co.uk	https://robohash.org/totamestqui.png?size=50x50&set=set1	Shangdian	Web Designer III
491	Monroe	Goncaves	mgoncavesdm@pinterest.com	https://robohash.org/incumdoloremque.png?size=50x50&set=set1	Mozelos	Statistician IV
492	Leela	Justice	ljusticedn@mapquest.com	https://robohash.org/teneturvelrepellendus.png?size=50x50&set=set1	Hamburg Winterhude	Computer Systems Analyst I
493	Leopold	Fendley	lfendleydo@e-recht24.de	https://robohash.org/teneturliberomaxime.png?size=50x50&set=set1	Best	Business Systems Development Analyst
494	Caroljean	MacMechan	cmacmechandp@woothemes.com	https://robohash.org/consequunturfacereiure.png?size=50x50&set=set1	Polo	Graphic Designer
495	Esta	Harness	eharnessdq@intel.com	https://robohash.org/omnisblanditiisvoluptatem.png?size=50x50&set=set1	Perzów	Electrical Engineer
496	Karrie	Bortolini	kbortolinidr@skype.com	https://robohash.org/inciduntundevoluptatem.png?size=50x50&set=set1	Bader	Junior Executive
497	Bo	Marquis	bmarquisds@mit.edu	https://robohash.org/veniamnonpraesentium.png?size=50x50&set=set1	Ticrapo	Automation Specialist I
498	Travus	Sabatini	tsabatinidt@guardian.co.uk	https://robohash.org/anihilaperiam.png?size=50x50&set=set1	Tafo	Speech Pathologist
499	Ernaline	Andriveaux	eandriveauxdu@photobucket.com	https://robohash.org/etsimiliqueiure.png?size=50x50&set=set1	Dongning	Senior Sales Associate
500	Codee	Lucio	cluciodv@samsung.com	https://robohash.org/ullamconsequunturnesciunt.png?size=50x50&set=set1	Nyrkiv	Account Representative III
\.


--
-- Data for Name: users_habilities; Type: TABLE DATA; Schema: public; Owner: networks
--

COPY public.users_habilities (id, user_id, hability_id) FROM stdin;
1	65	255
2	313	57
3	58	283
4	117	366
5	152	363
6	146	245
7	383	189
8	413	256
9	431	222
10	356	255
11	197	7
12	307	356
13	339	124
14	126	392
15	145	64
16	164	161
17	99	362
18	98	289
19	155	324
20	458	289
21	342	98
22	482	276
23	456	7
24	319	167
25	92	261
26	409	32
27	58	16
28	470	215
29	11	33
30	178	214
31	465	232
32	323	57
33	367	239
34	279	71
35	185	203
36	215	265
37	92	104
38	305	289
39	250	46
40	425	196
41	121	363
42	116	224
43	334	125
44	241	129
45	76	195
46	324	42
47	141	375
48	87	145
49	408	209
50	59	189
51	429	194
52	286	244
53	232	2
54	444	353
55	500	207
56	410	28
57	217	290
58	65	76
59	85	213
60	344	289
61	1	221
62	230	242
63	488	108
64	76	99
65	63	33
66	48	157
67	343	68
68	274	303
69	369	269
70	13	111
71	107	308
72	95	314
73	495	216
74	479	178
75	62	22
76	97	196
77	147	305
78	342	365
79	182	58
80	165	379
81	101	300
82	385	281
83	237	294
84	5	239
85	374	375
86	14	225
87	489	388
88	378	329
89	125	241
90	429	37
91	359	74
92	223	304
93	8	109
94	141	390
95	191	361
96	166	8
97	295	387
98	446	384
99	66	176
100	38	184
101	298	117
102	388	91
103	147	71
104	158	26
105	242	288
106	231	265
107	141	373
108	260	276
109	41	311
110	393	211
111	238	186
112	229	379
113	191	240
114	85	360
115	340	313
116	89	399
117	458	96
118	487	244
119	110	221
120	332	157
121	141	170
122	126	304
123	386	300
124	62	24
125	216	128
126	76	24
127	399	329
128	318	397
129	486	339
130	34	295
131	166	371
132	30	398
133	254	86
134	404	384
135	460	223
136	261	110
137	276	41
138	239	74
139	45	315
140	133	185
141	473	163
142	95	273
143	411	118
144	367	358
145	450	29
146	17	147
147	8	331
148	465	249
149	171	191
150	120	365
151	385	375
152	60	77
153	473	135
154	493	203
155	206	328
156	137	181
157	404	380
158	122	50
159	264	94
160	416	216
161	115	293
162	286	38
163	365	223
164	32	131
165	117	386
166	414	275
167	179	305
168	229	62
169	144	317
170	4	339
171	120	393
172	185	386
173	304	189
174	388	155
175	152	91
176	379	302
177	202	147
178	74	14
179	185	306
180	119	71
181	369	246
182	433	151
183	474	174
184	367	387
185	385	180
186	361	215
187	124	369
188	232	171
189	18	369
190	349	184
191	301	3
192	257	172
193	214	197
194	401	386
195	143	389
196	95	315
197	491	367
198	22	369
199	327	341
200	94	76
201	405	6
202	467	259
203	459	179
204	449	105
205	123	147
206	125	325
207	359	50
208	286	151
209	424	192
210	351	290
211	131	295
212	229	200
213	241	234
214	105	290
215	435	298
216	255	174
217	498	373
218	125	284
219	90	232
220	351	365
221	392	196
222	94	373
223	148	380
224	457	105
225	35	95
226	265	309
227	29	393
228	385	106
229	54	36
230	161	40
231	417	271
232	77	124
233	384	79
234	53	202
235	67	86
236	295	203
237	314	351
238	290	5
239	183	301
240	230	147
241	93	64
242	14	98
243	471	184
244	16	363
245	39	192
246	6	110
247	453	67
248	282	357
249	448	145
250	68	63
251	368	132
252	329	360
253	72	372
254	288	311
255	489	162
256	487	377
257	131	84
258	314	192
259	107	146
260	315	387
261	263	348
262	116	60
263	394	143
264	342	35
265	53	212
266	338	129
267	214	45
268	124	291
269	99	239
270	86	237
271	357	382
272	280	144
273	434	267
274	97	103
275	471	133
276	202	357
277	165	69
278	361	147
279	292	158
280	405	37
281	262	305
282	145	199
283	217	229
284	491	258
285	342	186
286	415	22
287	415	277
288	209	39
289	443	32
290	110	220
291	70	70
292	394	367
293	126	71
294	322	388
295	440	163
296	334	1
297	108	137
298	70	393
299	380	254
300	476	250
301	440	239
302	185	288
303	399	257
304	211	224
305	180	34
306	343	199
307	479	400
308	54	235
309	99	302
310	63	92
311	147	81
312	26	18
313	282	301
314	155	346
315	96	358
316	373	152
317	261	47
318	147	83
319	204	186
320	492	41
321	455	203
322	90	225
323	288	159
324	276	189
325	358	343
326	121	220
327	485	349
328	354	386
329	221	77
330	432	177
331	122	128
332	467	347
333	293	362
334	96	269
335	153	373
336	227	383
337	135	283
338	312	262
339	123	397
340	237	286
341	248	182
342	465	34
343	23	351
344	61	164
345	408	250
346	307	227
347	209	7
348	267	65
349	436	227
350	341	138
351	467	92
352	211	238
353	448	214
354	292	322
355	299	198
356	268	341
357	232	4
358	179	280
359	406	253
360	193	207
361	340	8
362	409	354
363	324	16
364	425	193
365	150	288
366	183	107
367	339	368
368	65	245
369	125	218
370	350	209
371	3	74
372	192	256
373	471	283
374	481	116
375	44	127
376	373	156
377	429	178
378	152	174
379	381	94
380	99	310
381	77	244
382	273	295
383	103	395
384	31	234
385	293	223
386	34	357
387	480	277
388	302	41
389	203	314
390	192	204
391	215	252
392	353	175
393	157	215
394	132	232
395	135	355
396	483	169
397	75	232
398	441	94
399	430	272
400	159	123
401	264	275
402	261	3
403	478	32
404	405	222
405	174	20
406	415	126
407	132	186
408	337	380
409	495	376
410	303	43
411	193	31
412	374	75
413	121	355
414	381	358
415	120	228
416	428	346
417	27	189
418	387	41
419	49	341
420	473	199
421	333	56
422	414	113
423	298	214
424	24	194
425	294	345
426	8	252
427	397	251
428	146	53
429	435	1
430	482	154
431	74	255
432	388	114
433	288	277
434	361	87
435	214	384
436	260	111
437	115	81
438	177	159
439	241	54
440	146	306
441	3	11
442	404	342
443	133	147
444	60	136
445	287	185
446	34	297
447	475	152
448	500	41
449	311	122
450	357	314
451	488	10
452	384	129
453	17	84
454	74	339
455	87	252
456	440	15
457	384	296
458	362	110
459	164	160
460	219	171
461	181	106
462	349	128
463	453	140
464	398	30
465	487	245
466	111	254
467	376	257
468	150	151
469	109	148
470	213	353
471	98	82
472	100	353
473	171	308
474	30	165
475	35	120
476	387	241
477	73	380
478	191	98
479	274	101
480	88	250
481	185	328
482	485	278
483	193	369
484	491	397
485	81	298
486	102	81
487	53	81
488	247	349
489	137	146
490	479	111
491	326	205
492	3	200
493	438	175
494	91	85
495	385	34
496	26	226
497	272	229
498	9	109
499	160	145
500	25	360
501	146	63
502	490	249
503	417	277
504	142	311
505	148	64
506	175	201
507	275	241
508	276	123
509	150	8
510	208	352
511	402	80
512	208	76
513	12	337
514	22	358
515	432	145
516	486	151
517	131	15
518	23	296
519	80	328
520	365	365
521	203	187
522	282	236
523	141	140
524	481	4
525	476	296
526	91	388
527	162	67
528	321	27
529	147	295
530	492	371
531	376	97
532	413	102
533	479	220
534	396	62
535	339	107
536	440	70
537	122	184
538	358	253
539	496	289
540	484	119
541	88	16
542	144	393
543	446	298
544	491	174
545	368	217
546	151	253
547	445	90
548	280	377
549	13	111
550	133	333
551	265	360
552	252	272
553	255	192
554	272	281
555	328	275
556	321	293
557	160	334
558	277	265
559	244	303
560	393	235
561	140	75
562	450	205
563	164	296
564	62	190
565	479	382
566	342	321
567	106	256
568	164	268
569	183	16
570	237	295
571	369	320
572	361	148
573	364	43
574	474	260
575	324	367
576	430	195
577	433	109
578	118	261
579	23	279
580	5	113
581	492	268
582	209	363
583	25	107
584	19	359
585	218	194
586	123	73
587	128	73
588	454	151
589	64	362
590	130	146
591	233	359
592	420	83
593	404	56
594	155	204
595	387	217
596	46	287
597	39	250
598	22	382
599	184	186
600	412	25
601	486	340
602	442	131
603	69	400
604	492	364
605	169	390
606	25	337
607	231	15
608	302	378
609	406	204
610	135	125
611	414	396
612	105	90
613	287	78
614	142	234
615	346	147
616	181	286
617	359	329
618	47	241
619	83	261
620	455	370
621	465	344
622	177	356
623	433	4
624	185	173
625	279	104
626	380	129
627	197	65
628	129	294
629	23	84
630	95	24
631	460	251
632	236	395
633	69	288
634	369	306
635	100	11
636	427	119
637	294	15
638	321	181
639	264	57
640	300	379
641	346	227
642	52	253
643	295	285
644	487	301
645	166	371
646	452	14
647	16	113
648	201	355
649	23	70
650	366	279
651	37	224
652	377	295
653	140	322
654	489	247
655	406	136
656	186	77
657	480	392
658	302	147
659	271	377
660	330	156
661	214	288
662	459	279
663	158	177
664	500	99
665	81	131
666	177	329
667	390	124
668	37	98
669	248	371
670	344	122
671	463	100
672	274	294
673	25	253
674	169	180
675	419	90
676	210	6
677	231	267
678	288	75
679	369	206
680	313	296
681	470	163
682	79	1
683	443	283
684	261	54
685	444	94
686	28	133
687	345	107
688	451	186
689	56	375
690	243	106
691	431	35
692	358	119
693	84	312
694	464	379
695	107	96
696	83	372
697	450	267
698	7	8
699	54	182
700	315	38
701	155	140
702	116	17
703	487	126
704	346	262
705	448	383
706	59	278
707	434	178
708	254	343
709	36	86
710	337	199
711	449	211
712	341	210
713	419	76
714	156	7
715	35	278
716	274	88
717	103	158
718	272	89
719	487	300
720	477	371
721	200	173
722	87	357
723	261	94
724	112	90
725	137	384
726	115	324
727	173	374
728	90	98
729	141	332
730	496	22
731	475	325
732	148	63
733	230	96
734	165	335
735	103	8
736	162	389
737	324	386
738	52	164
739	364	156
740	483	285
741	234	358
742	57	40
743	317	241
744	409	382
745	129	260
746	145	244
747	115	397
748	450	286
749	59	208
750	421	399
751	307	199
752	324	344
753	486	387
754	403	346
755	4	393
756	338	202
757	237	314
758	279	252
759	4	169
760	69	25
761	52	36
762	146	41
763	157	301
764	222	13
765	104	79
766	370	352
767	489	260
768	371	13
769	466	146
770	50	2
771	188	228
772	286	74
773	451	174
774	179	32
775	283	391
776	342	163
777	475	256
778	301	100
779	303	348
780	73	345
781	108	93
782	397	184
783	343	257
784	62	84
785	493	148
786	104	323
787	347	141
788	416	105
789	443	33
790	76	301
791	352	263
792	151	369
793	93	340
794	296	302
795	494	175
796	370	351
797	167	67
798	484	258
799	270	202
800	206	238
801	142	49
802	136	80
803	312	255
804	74	202
805	73	307
806	72	351
807	435	334
808	181	69
809	260	369
810	7	381
811	494	243
812	176	128
813	416	172
814	89	306
815	180	8
816	59	317
817	349	226
818	296	64
819	115	362
820	250	384
821	251	398
822	269	178
823	65	148
824	466	209
825	477	366
826	417	187
827	440	34
828	244	292
829	71	365
830	77	115
831	436	382
832	26	280
833	133	268
834	125	306
835	234	307
836	97	302
837	27	293
838	180	208
839	242	364
840	306	56
841	95	130
842	388	297
843	358	342
844	20	115
845	13	142
846	108	321
847	341	260
848	304	101
849	416	280
850	263	325
851	360	186
852	238	397
853	104	310
854	481	73
855	69	24
856	238	24
857	145	379
858	285	15
859	482	141
860	97	253
861	284	295
862	68	166
863	102	348
864	39	253
865	178	339
866	497	16
867	315	298
868	20	65
869	285	181
870	87	342
871	461	240
872	63	335
873	306	349
874	97	225
875	61	315
876	167	259
877	437	314
878	39	192
879	493	298
880	17	284
881	252	252
882	124	279
883	147	224
884	490	34
885	108	143
886	114	382
887	149	128
888	182	286
889	14	141
890	335	169
891	10	166
892	158	123
893	272	92
894	286	391
895	114	332
896	109	201
897	96	186
898	344	375
899	138	33
900	434	126
901	420	206
902	195	315
903	330	140
904	482	194
905	85	276
906	132	396
907	349	369
908	81	368
909	185	86
910	483	151
911	307	340
912	300	186
913	343	96
914	55	2
915	482	237
916	227	186
917	96	281
918	183	349
919	98	51
920	7	357
921	433	57
922	132	51
923	326	20
924	178	63
925	149	237
926	296	3
927	228	161
928	481	97
929	149	210
930	71	112
931	263	19
932	375	330
933	417	189
934	32	326
935	284	369
936	247	76
937	130	9
938	354	75
939	323	80
940	20	128
941	252	333
942	254	336
943	137	21
944	44	190
945	488	275
946	405	80
947	4	338
948	369	241
949	367	309
950	495	201
951	465	195
952	221	227
953	322	160
954	464	138
955	182	389
956	13	141
957	96	267
958	334	17
959	181	104
960	473	392
961	449	373
962	58	43
963	37	333
964	145	59
965	212	39
966	267	60
967	54	235
968	203	214
969	97	246
970	129	237
971	316	202
972	91	186
973	281	198
974	251	319
975	228	326
976	66	270
977	164	164
978	395	124
979	495	36
980	290	164
981	380	149
982	413	284
983	259	246
984	73	197
985	38	179
986	415	50
987	41	162
988	192	324
989	203	313
990	215	267
991	240	233
992	359	264
993	13	73
994	282	147
995	343	20
996	85	123
997	221	141
998	454	358
999	93	378
1000	74	297
1001	73	297
1002	74	297
\.


--
-- Name: Users_id_seq; Type: SEQUENCE SET; Schema: environment; Owner: networks
--

SELECT pg_catalog.setval('environment."Users_id_seq"', 1, false);


--
-- Name: exemplo_id_seq; Type: SEQUENCE SET; Schema: public; Owner: networks
--

SELECT pg_catalog.setval('public.exemplo_id_seq', 1000, true);


--
-- Name: exemplo_id_seq2; Type: SEQUENCE SET; Schema: public; Owner: networks
--

SELECT pg_catalog.setval('public.exemplo_id_seq2', 1002, true);


--
-- Name: experiences_auto_increment; Type: SEQUENCE SET; Schema: public; Owner: networks
--

SELECT pg_catalog.setval('public.experiences_auto_increment', 1003, true);


--
-- Name: habilities_auto_increment; Type: SEQUENCE SET; Schema: public; Owner: networks
--

SELECT pg_catalog.setval('public.habilities_auto_increment', 401, false);


--
-- Name: Users Users_pkey; Type: CONSTRAINT; Schema: environment; Owner: networks
--

ALTER TABLE ONLY environment."Users"
    ADD CONSTRAINT "Users_pkey" PRIMARY KEY (id);


--
-- Name: Users Users_username_key; Type: CONSTRAINT; Schema: environment; Owner: networks
--

ALTER TABLE ONLY environment."Users"
    ADD CONSTRAINT "Users_username_key" UNIQUE (username);


--
-- Name: cars cars_pkey; Type: CONSTRAINT; Schema: public; Owner: networks
--

ALTER TABLE ONLY public.cars
    ADD CONSTRAINT cars_pkey PRIMARY KEY (id);


--
-- Name: habilities habilities_pkey; Type: CONSTRAINT; Schema: public; Owner: networks
--

ALTER TABLE ONLY public.habilities
    ADD CONSTRAINT habilities_pkey PRIMARY KEY (id);


--
-- Name: users_habilities users_habilities_pkey; Type: CONSTRAINT; Schema: public; Owner: networks
--

ALTER TABLE ONLY public.users_habilities
    ADD CONSTRAINT users_habilities_pkey PRIMARY KEY (id);


--
-- Name: users users_pkey; Type: CONSTRAINT; Schema: public; Owner: networks
--

ALTER TABLE ONLY public.users
    ADD CONSTRAINT users_pkey PRIMARY KEY (id);


--
-- Name: experiences experiences_user_id_fkey; Type: FK CONSTRAINT; Schema: public; Owner: networks
--

ALTER TABLE ONLY public.experiences
    ADD CONSTRAINT experiences_user_id_fkey FOREIGN KEY (user_id) REFERENCES public.users(id) ON DELETE CASCADE;


--
-- Name: users_habilities users_habilities_hability_id_fkey; Type: FK CONSTRAINT; Schema: public; Owner: networks
--

ALTER TABLE ONLY public.users_habilities
    ADD CONSTRAINT users_habilities_hability_id_fkey FOREIGN KEY (hability_id) REFERENCES public.habilities(id) ON DELETE CASCADE;


--
-- Name: users_habilities users_habilities_user_id_fkey; Type: FK CONSTRAINT; Schema: public; Owner: networks
--

ALTER TABLE ONLY public.users_habilities
    ADD CONSTRAINT users_habilities_user_id_fkey FOREIGN KEY (user_id) REFERENCES public.users(id) ON DELETE CASCADE;


--
-- PostgreSQL database dump complete
--

